                 0.8 0 0 0  0.000186287  0.000179992 -0.000141118 0 0 0 0 0 0 0.000434222 0.000650002 2.35071e-05 -2.53909e-07  -8.4501e-06  7.01321e-07 0 0 0 0.00192059 0.00102012     -9.809 
                   1 -4.84326e-05 -1.59288e-05  2.13596e-05  0.000307219  0.000328904 -6.07055e-05 0 0 0 0 0 0 0.000989054  0.00119627 0.000187477 -2.53909e-07  -8.4501e-06  7.01321e-07 0 0 0 0.00192059 0.00102012     -9.809 
                 1.2 -0.0258763  0.0466098  0.0324785  0.00718226 0.000325631   0.0157375 -1.19573e-06 -2.32573e-06  3.24048e-07  3.13175e-08 -1.05879e-08  1.10941e-07 0.00962956    0.00443 0.00675594 -1.66084e-07 -8.31052e-06  6.69215e-07 -4.96945e-07  1.66521e-07 -1.75428e-06 0.00192106 0.00101996     -9.809 
                 1.4 0.0819138 0.0123125 0.0272415 0.00249611 -0.0027664  0.0234529 -4.04249e-05   7.1762e-05 -1.53064e-08 1.29014e-07 4.18805e-08 2.17067e-08 -0.00692529 -0.00819687    0.022282 -0.000260534  7.25745e-05  1.34753e-05  1.26635e-05  7.13849e-06 -1.41474e-05 0.00190841 0.00101325     -9.809 
                 1.6 -0.0653296  0.0432907  0.0335713  0.00929945 -0.00274838   0.0111535 -0.00066416  -0.0206668 2.70976e-06 2.63877e-06 8.92924e-06 1.21207e-06   0.0129731 -0.00101005  -0.0126356  0.000207849    1.041e-05 -7.47344e-06 -0.00367849 0.000118977  0.00809657  0.00545312 0.000911136      -9.809 
                 1.8 0.0800523 0.0423422 0.0478629   0.0118292 -0.00538279   0.0256699 -0.00685676  -0.0189264  7.2534e-06  2.3036e-06 2.05688e-05 1.70705e-06    0.015127 -0.00981996   0.0238221 -0.000223498  4.07404e-06 -5.27745e-05 -0.00337395  0.00121325  -0.0149028   0.00517785 -0.000147398       -9.809 
                   2 0.0236964 0.0310835 0.0304239  0.0098626 -0.0055978  0.0260958   0.00132707    0.0076976 -1.47872e-06 1.73093e-06 2.11795e-05 2.50876e-06  0.00483876 -0.00630649   0.0164963 -7.24539e-05 -4.57023e-05  2.81614e-06   0.00136698 -0.000242408   -0.0072055 0.000610111  0.00125031      -9.809 
                 2.2   -0.114418 -0.00466442   0.0340142  0.00687528 -0.00381509   0.0243361  0.00963513   0.0241311 1.41422e-05 8.17693e-07 2.50537e-05 4.47457e-06 -0.00495614  0.00657022  0.00481223  0.000314536  8.32504e-06 -8.09935e-06  0.00428845 -0.00172059   0.0015217 -0.00220863  0.00267449      -9.809 
                 2.4 -0.0178585 -0.0301732  0.0351342  0.00184004 -0.00298784   0.0279336 0.00922391  0.0370563 1.9403e-05 8.91415e-07 2.67195e-05 4.65692e-06 -0.0161508 0.00621394  0.0111939  6.32749e-05  4.50127e-05 -1.04472e-05  0.00658932 -0.00164767 -0.00218751 -0.00441837  0.00260453      -9.809 
                 2.7 -0.0429516   0.028715  0.0207049   0.0155303 -0.00110648   0.0214466  0.00834376 -0.00427284  9.0507e-05 4.80443e-06 2.68569e-05 1.05968e-05   0.0184418  0.00881162 -0.00695578  0.000127138 -7.88119e-05   2.6069e-05 -0.000786434  -0.00148431   0.00761835 0.00267736 0.00243262     -9.809 
                 2.9 -0.0276026  0.0156205   0.033161   0.0125816 -0.00318743   0.0197899  0.00113613  0.00808401 4.71408e-05 4.36963e-06 2.72256e-05  1.1039e-05   0.0061484  0.00091713 -0.00887406  0.000119571 -9.00436e-05 -2.77942e-06   0.00141993 -0.000196362   0.00781188 0.000560988  0.00119466      -9.809 
                 3.1  0.0235905 0.00615226   0.039782    0.010902 -0.00480156   0.0254373 -0.00162753   0.0127716 4.39444e-05 5.16508e-06 2.95145e-05 1.17371e-05 -0.000806552   -0.0039341   0.00476638  1.30425e-06 -9.98779e-05 -1.99547e-05  0.00225984 0.000299131  0.00163022 -0.000246634  0.000735466       -9.809 
                 3.2  0.0493209 -0.0178953  0.0359529   0.0091753 -0.00568598   0.0217756 -0.00285824   0.0163141  4.7128e-05  4.4093e-06 2.92051e-05 1.19267e-05 -0.00664644 -0.00701311 -0.00542124 -5.07698e-05 -6.63205e-05 -1.00444e-05  0.00289451 0.000516316  0.00574955 -0.000854573  0.000522544       -9.809 
                 3.4 0.00442724   0.031138  0.0345006  0.00999509 -0.00509156   0.0250541  0.00143111   0.0125746 5.63842e-05 1.86472e-06 2.62012e-05 1.55647e-05 -0.000631262  -0.00177478   0.00320099  3.84529e-05 -0.000165384 -6.29674e-06    0.0022266 -0.000249855   0.00218561 -0.000216628   0.00125547       -9.809 
                 3.7 -0.000799169      0.02481    0.0411819   0.0106478 -0.00379259   0.0309602  0.00436982   0.0112363 6.56184e-05 1.79401e-06  2.5252e-05 1.57782e-05 0.00120862 0.00175243  0.0114111  4.12071e-05 -0.000140613  -2.2212e-05   0.00199141 -0.000772165  -0.00117976 6.35032e-06  0.00174926      -9.809 
                 3.9 -0.00405173   0.0290707   0.0370826  0.0114456 -0.0040912  0.0234789  0.00336535   0.0104635 6.22142e-05 1.54483e-06 2.54037e-05 1.58835e-05  0.00216797 0.000499974 -0.00627524   5.1811e-05 -0.000142562 -1.19337e-05   0.00184722 -0.000598432   0.00474143 0.000143941  0.00159218      -9.809 
                 4.1 0.00492496  0.0413564  0.0476779   0.0152532 -0.00507669   0.0274891  0.00168887  0.00622899 5.12047e-05 1.35091e-06 2.60391e-05   1.618e-05     0.010412 -0.000763099   0.00331124  3.47013e-05 -0.000153844 -3.49054e-05   0.00109019 -0.000294673   0.00143608 0.000869309  0.00130139      -9.809 
                 4.3 -0.0404488  0.0107647  0.0493398  0.0139796 -0.0055224  0.0245045 0.000803728   0.0103825 4.53288e-05 4.84596e-07 2.68465e-05 1.66074e-05   0.00376546 -0.000380611  -0.00521669  0.000134624 -9.24607e-05  -3.7683e-05   0.00183477 -0.000134457   0.00347895 0.000156969  0.00114767      -9.809 
                 4.5 -0.00829756   0.0241026   0.0373074   0.0106321 -0.00345498   0.0241582  0.00389016   0.0154516 3.26646e-05 1.52148e-07 2.67021e-05 1.54714e-05 -0.00459593  0.00444657 -0.00516246  5.61052e-05 -0.000127373 -1.03519e-05   0.00274947 -0.000692371   0.00306604 -0.000715378   0.00167671       -9.809 
                 4.7  -0.032163 0.00841045  0.0462755   0.0126833 -0.00795312   0.0273648  -0.0033189   0.0117061 2.61807e-05 -2.09954e-07  2.63975e-05  1.48487e-05 0.000280381 -0.00603955  0.00250602 0.000104027 -9.3153e-05 -2.8041e-05  0.00207169 0.000614607 0.000848029 -6.56745e-05  0.000438791       -9.809 
                   5 0.0198982 0.0192228 0.0472715   0.0126851 -0.00712143   0.0215847 4.31329e-06   0.0117677 4.28069e-05 2.44442e-07 2.47321e-05 1.37911e-05 -5.52553e-05   -0.0033529  -0.00847063 -5.54704e-06  -0.00011374 -2.95141e-05  0.00207899 9.30125e-06   0.0034454 -7.31514e-05   0.00100876       -9.809 
                 5.2 -0.037255 0.0243603 0.0458733    0.012132 -0.00556035    0.026312  0.00144167   0.0123034 5.67699e-05 -1.05485e-08  2.32426e-05  1.43353e-05 -0.000232068   0.00286588   0.00291019  9.72463e-05 -0.000120129 -2.59296e-05   0.00218377 -0.000245355  0.000856782 -0.00017491  0.00125103      -9.809 
                 5.4 0.0139264  0.021993 0.0489116   0.0116136 -0.00537922   0.0286724  0.00130845   0.0126009 5.81632e-05 6.01917e-08 2.37359e-05 1.44136e-05 -0.00169317  0.00126038  0.00645573  2.76248e-06 -0.000114589 -3.09556e-05   0.00223867 -0.000219491  0.000121022 -0.000227073   0.00122609       -9.809 
                 5.6 -0.0285564  0.0215387  0.0476899   0.0150853 -0.00476681   0.0239058  0.00121054  0.00964806 4.85095e-05 -9.00802e-08  2.51687e-05  1.42708e-05  0.00711009  0.00328545 -0.00605956  8.88664e-05 -0.000104522 -2.76191e-05   0.00170216 -0.000205769   0.00251357 0.000279645  0.00121507      -9.809 
                 5.8 -0.00666722   0.0297342   0.0483622   0.0161785 -0.00510227   0.0247518 0.000352938   0.0100655 4.86633e-05 -1.57342e-07   2.5198e-05  1.43141e-05  0.00792627   0.0011293 -0.00269113  4.76172e-05 -0.000117712 -2.82496e-05   0.00177808 -5.00074e-05   0.00168421 0.000208781  0.00106809      -9.809 
                   6  -0.0170413 0.000959634   0.0467708   0.0152842 -0.00601572   0.0219442 -0.000755511    0.0120033  6.13286e-05 -5.64027e-07  2.49461e-05  1.49081e-05  0.00214529 -0.00147058  -0.0077821  6.62962e-05 -6.26352e-05 -2.46335e-05   0.0021339 0.000152501  0.00252396 -0.000126123  0.000875745       -9.809 
                 6.1 -0.0166259  0.0201755  0.0596122  0.0147762 -0.0068645  0.0268607 -0.00158355   0.0128022 6.97977e-05 -1.59991e-06  2.54688e-05  1.48885e-05 0.000583309 -0.00330423  0.00588923  6.34394e-05 -9.75022e-05  -4.7934e-05   0.00227249  0.000307279 -6.30966e-05 -0.000255334  0.000732311       -9.809 
                 6.3 -0.0274136  0.0211245  0.0487961   0.0139315 -0.00624967   0.0267771 -0.000356066    0.0135012  7.11838e-05 -1.70635e-06  2.55066e-05  1.50168e-05 -0.00175808 0.000187277  0.00361113  8.01863e-05 -9.89929e-05 -2.84426e-05  0.00240163   8.136e-05 0.000428646 -0.000376969  0.000943352       -9.809 
                 6.5 -0.0432803  0.0116041   0.051594   0.0120638 -0.00551196   0.0264488 8.76909e-05   0.0146555   8.497e-05 -1.80612e-06  2.56158e-05  1.51983e-05 -0.00573089  0.00298558  0.00121032  0.000106439 -8.15634e-05 -3.28917e-05   0.00261197 -1.16969e-06  0.000817473 -0.000573955   0.00101938       -9.809 
                 6.6 -0.0022594  0.0313295  0.0525639   0.0141342 -0.00703946   0.0269063 -0.00169704   0.0122108 5.44703e-05 -1.88393e-06  2.56842e-05   1.6379e-05  0.00129876 -0.00240454  0.00252054  3.40332e-05 -0.000111824 -3.37714e-05  0.00216632 0.000324573 0.000687222 -0.000156202  0.000716792       -9.809 
                 6.8 0.00858674  0.0136414  0.0472039  0.0138879 -0.0066739   0.024303 -0.00090243   0.0126082  6.2622e-05 -2.56655e-06  2.49257e-05  1.62711e-05 -0.000200483  -0.00089801  -0.00403332  1.39845e-05 -7.96027e-05  -2.3842e-05  0.00223537 0.000176872   0.0018249 -0.000220037  0.000850468       -9.809 
                   7 -0.0146484  0.0318959  0.0451511   0.0167629 -0.00358912   0.0256324 0.000915513   0.0123631 7.12258e-05 -2.7937e-06 2.43939e-05 1.71647e-05   0.048882  0.0238189 0.00013607  5.28943e-05 -0.000108872 -1.99539e-05   0.00219219 -0.000154276   0.00108855 -0.000181414   0.00116023       -9.809 
                 7.2 0.00150745  0.0173419   0.279618  0.0402701 0.00534186  0.0254739 0.000122883   0.0121555 0.000128653 -4.52448e-06  2.40788e-05  1.72034e-05      0.20013    0.0634341 -6.36482e-05  2.39732e-05 -8.33484e-05 -0.000103802 0.00215554  -8.35e-06 0.00114378 -0.000146938   0.00102472       -9.809 
                 7.4 0.0204205 0.0238351   2.36444 0.0943363 0.0200441  0.023156 8.48831e-05  0.00865474  0.00109411 -1.1855e-05   -2.75e-05 1.73935e-05    0.352583    0.102494 -0.00516991 -4.98084e-06 -0.000101189 -0.000254261   0.0017128 7.44853e-05  0.00182455 0.000265661 0.000980463      -9.809 
                 7.6 -0.0335565  0.0136995    5.10722  0.176209 0.0427424 0.0274834 0.000297361   0.0121594 -0.00105609  1.82957e-05 -3.44563e-05  1.84814e-05   0.503344   0.123365 0.00536077  8.12762e-05 -9.06331e-05 -0.000330395   0.00133393 -0.000232729  0.000280182 0.00049252 0.00127745     -9.809 
                 7.8  0.0235518 -0.0144389    7.37339  0.297615 0.0637056 0.0330357 -0.00015458   0.0280458  0.00501631 3.61028e-05 3.48934e-05 2.55413e-05 0.654933 0.118549  0.01277 -8.68487e-06 -6.05389e-05  0.000207387   0.00340329 -0.000269642  -0.00070096 -6.48849e-05  -0.00110019       -9.809 
                 8.1 -0.00314969  0.00400301     9.14217  0.486753 0.0913005   0.03571 0.00120941  0.0318025 0.00747898 6.34858e-05 1.46513e-06 2.41192e-05  0.756185  0.109585 0.0110212  3.17083e-05 -9.67333e-05  0.000198924   0.00428065 -0.000506829 -0.000515491 -0.000153903  -0.00227883       -9.809 
                 8.2 0.0447419 0.0414807   9.44804  0.591306  0.110401 0.0342929 -0.00422604    0.015505 -0.00122183 -4.27195e-05    0.0001753  2.50238e-05   0.788462  0.0875823 0.00557764  -1.6404e-05 -0.000135115  1.71398e-05  0.00192896 0.000395206 0.000140165 -0.00114347  0.00185359      -9.809 
                 8.4 0.00123446  0.0740951    8.62997  0.802392  0.131951 0.0339231  -0.0407779  -0.0187779 -0.00661392 -0.000121547   0.00104991  4.32472e-05  0.913655 0.0671139 0.0030284  0.00010014  -8.362e-05 0.000544821 -0.00428563  0.00687355 0.000188181 0.00175725  0.0160319   -9.80899 
                 8.7 0.0475083 0.0767833   6.23918   1.04676  0.135909 0.0313426  -0.0312405 -0.00490362 -0.00141314 -2.51151e-05    0.0007058  4.88331e-05    0.876883  0.00526314 -0.00310217   4.0796e-05 -0.000126624  0.000705326 -0.00164646   0.0049558 0.000957161 0.00166564  0.0108954   -9.80899 
                 8.8  0.0114489 0.00152948    3.58086    1.0402  0.126784 0.0302739 0.0138647  0.041382 0.0280036 -5.32885e-05  0.000408364  8.79439e-05     0.66995  -0.0223717 -0.00494401  2.55757e-05 -0.000217375 -0.000572813 0.00693416 -0.0030445 0.00127105 -0.00497042 -0.00584497      -9.809 
                   9 -0.0106074  0.0575843    2.03511   1.23943  0.123022 0.0324336 -0.00781708   0.0155447   0.0148779 -8.28869e-05  0.000838528  0.000121897   0.787762 0.00382733 0.00168518  9.44828e-05 -0.000121698  0.000651445  0.00221364 0.000706425 0.000417111 -0.000121125  0.000932496       -9.809 
                 9.2 0.0172228 0.0403229    1.3685   1.37304  0.134972 0.0314477 0.000809007   0.0268421   0.0191048 4.89921e-05  0.00109678 0.000116721    0.748576   0.0629401 -0.00187561  3.21267e-05 -0.000133458  7.28825e-05   0.00433837 -0.000796104  0.000749351 -0.00257823 0.000301646      -9.809 
                 9.4 -0.041244 0.0125569   2.17032   1.53664  0.157372 0.0302733 0.00256927  0.0281816  0.0194442 0.000111579  0.00114172 0.000118281    0.738544    0.104158 -0.00370618  0.000119332 -9.12835e-05  0.000230858  0.00457205 -0.00110627  0.00088941  -0.0028123 0.000534335      -9.809 
                 9.6 -0.0113905  0.0531314    4.28527   1.69315  0.176132 0.0335715 -0.000211869     0.016052    0.0262786 7.27161e-05 0.000743976 0.000125065   0.789115   0.116451 0.00416044 7.74605e-05 -0.00016248 0.000196402   0.00235073 -0.000905794 -8.87777e-05 -0.000805791  0.000826525       -9.809 
                 9.8 0.0325311 0.0678996   5.66333   1.88005  0.195971 0.0385585 -0.00375043  0.00702615   0.0307067 6.02534e-05 0.000645549 0.000127387  0.831729   0.06228 0.0118775  2.29892e-05 -0.000178155  6.96968e-05  0.000716012 -0.000511975  -0.00102335 0.00063304 0.00177673     -9.809 
                 9.9 0.00492444  0.0318133    5.92586   1.89962  0.195237 0.0388282 0.0113813 0.0377362 0.0272786 0.000132021 0.000134179 0.000144095   0.702648  0.0235843 0.00867776  4.25045e-05 -0.000184018 -0.000114687   0.00653414  -0.00318933 -0.000697227  -0.0035928 -0.00460607      -9.809 
                10.1 -0.00755944    0.114872     4.77876  2.11656 0.201111 0.040278 -0.0121699 0.00152314  0.0229641 -7.40172e-06   0.00185995  0.000209767   0.858618 0.00387923 0.00881662  8.74518e-05 -0.000219284  0.000555061 -0.000372176  0.000995064 -0.000717643 0.00154089 0.00443417     -9.809 
                10.3 0.0262517 0.0645396   2.67775   2.31025  0.195159 0.0374269  -0.0227802 -0.00255774   0.0162361  0.00015621  0.00218882 0.000207409     0.907716   -0.0146487 -0.000493728  5.27765e-05 -0.000138899  0.000639658 -0.00137751  0.00266557 0.000279574 0.00383162 0.00598347     -9.809 
                10.5 -0.0342002  0.0485385    1.51393   2.4501 0.198094 0.038754 -0.0100101  0.0159666   0.030164 0.000136047  0.00198975 0.000216512   0.812391  0.0363055 0.00241422  0.000111388 -0.000106945  9.89261e-05   0.00227663  0.000446532 -1.35267e-05 0.000151526  0.00246166      -9.809 
                10.7 -0.0582247  0.0203797     1.2883   2.53064  0.213012 0.0370789 -0.00330131   0.0446639   0.0352338 0.000152495  0.00251894 0.000225668    0.661737    0.132419 -0.00169762 0.000133179 4.51475e-05 0.000165095   0.00782006 -0.000647188  0.000499824 -0.00498843  0.00073395      -9.809 
                10.8 -0.0712961  0.0580987    2.92499   2.61243  0.227501 0.0406189 -0.00558385   0.0368994   0.0396286 7.52719e-05  0.00219467 0.000231902   0.691168   0.191208 0.00747222  0.000143932 -1.72463e-05   0.00100276   0.00644779 -0.000478184 -0.000399651 -0.00380921 0.000540476      -9.809 
                11.1  -0.11346 0.0983832   6.67118   2.90679  0.331907 0.0372831 0.00310079 0.00426861  0.0760221  0.00108396 -0.00141702   0.0002798     0.824635      0.37101 -0.000923212  0.000201059 -9.08512e-05 -0.000915541 -2.16568e-05  -0.00176541  0.000410957 0.00154178 0.00227714     -9.809 
                11.3 0.0126672 0.0461488   13.7388  3.02754 0.373256 0.033385 0.00657709  0.0341156  0.0302126 0.000727942 -0.00037549 0.000322456    0.713521    0.321616 -0.00766489  4.75071e-05 -2.52322e-05   0.00125691  0.00552542 -0.00152535  0.00119761  0.00241499 -0.00480106      -9.809 
                11.4 -0.0825656   0.145397    19.0509   3.09369    0.4041 0.0397668 -0.00205628   0.0263274   0.0353188  0.000671041 -0.000432599  0.000332751   0.724414   0.330548 0.00926039  0.000178148 -0.000135962  0.000663757   0.00445883  -0.00123579 -0.000514047  0.00133021 -0.00237648      -9.809 
                11.6 -0.185366  0.145716   21.3061   3.27826  0.493304 0.0413289 -0.0378306 -0.0124638   0.055805  0.000389151 -0.000553989  0.000362155   0.796332   0.393952 0.00943385  0.000343405 -7.77458e-05 -0.000256382   -0.0028749   0.00535399 -0.000547746 -0.00509229   0.0136192    -9.80899 
                11.8 0.00143604  0.0363469    22.7392    3.3834  0.535812 0.0404581 0.0377742 0.0488922 0.0466459  0.00122675  -0.0021606 0.000463824   0.702991   0.273512 0.00409214 1.34369e-05 8.29728e-06 0.000518765  0.00829518 -0.00812024 5.07035e-05  0.0060584 -0.0167013   -9.80898 
                  12 -0.0622058    0.10528     23.597   3.52989  0.590156 0.0420315 0.0465209 0.0406181 0.0477225    0.001113 -0.00223733 0.000466668   0.729505   0.196576 0.00552856  8.36175e-05 -6.34543e-05  4.12199e-06   0.00684673  -0.00972676 -9.76356e-05 0.00256469 -0.0187999   -9.80898 
                12.1 -0.123019 0.0764649   21.9039     3.606  0.613973 0.0421772 0.0315124 0.0240063 0.0446664 0.000990028  -0.0019729 0.000470408   0.754082   0.187909 0.00542314  0.000176107 -1.69558e-05 -0.000642671   0.00379369  -0.00711608 -4.14659e-05 -0.00161932  -0.0125077    -9.80899 
                12.3 -0.132948  0.148316   19.5457   3.79935  0.660874 0.0402688  -0.0351144 0.000597344   0.0254721 0.000936308 -0.00061447 0.000506679     0.822959     0.182973 -0.000145983 0.000263269 -0.00010828  3.6489e-05 -0.000734836   0.00438585  0.000479974 -0.0037224   0.010958   -9.80899 
                12.4 -0.0346132  0.0850653    16.4244   3.85448  0.668778 0.0405517 0.00295949  0.0195853  0.0406594  0.000925822 -0.000933566  0.000524556    0.794518    0.150217 0.000525877  8.59868e-05 -5.66055e-05  -0.00062284  0.00285681 -0.00228729 0.000432345 -0.00116346 -0.00315798      -9.809 
                12.6 0.00130704   0.101854    14.2106   4.05418  0.706708 0.0425148 -0.0495751 0.00772401   0.022349  0.000962219 -0.000374358  0.000528449   0.865669   0.190979 0.00533217  9.98205e-05 -6.74502e-05  0.000523647 0.000512448   0.0072311 8.12274e-05 0.00069015  0.0150416   -9.80899 
                12.8 -0.0104611  0.0990144    12.6754       4.2  0.738662 0.0393144 -0.0216379  0.0207909   0.029566  0.000893313 -1.84232e-05  0.000524596    0.777182    0.179982 -0.00298144  7.63774e-05 -7.86646e-05  5.17624e-05   0.0029269  0.00198175 0.000874359 0.000730862  0.00444503      -9.809 
                  13 -0.0357054   0.061371    12.6263  4.37368 0.785832 0.037676 0.00830307  0.0394992  0.0273124 0.000766892 0.000815899 0.000530119    0.720625    0.243203 -0.00578145   6.9035e-05 -5.19492e-05  6.95118e-05  0.00650684 -0.00322406  0.00099125  0.00109969 -0.00719215      -9.809 
                13.2 -0.146785 0.0492384   14.0819   4.42128  0.792483 0.0441347 0.0309406 0.0669879 0.0125859 0.000493143  0.00165892 0.000519822   0.622294   0.208041 0.00868253  0.000178903 -9.20348e-05   0.00101625    0.0120366   -0.0075348 -0.000229968 0.00397554 -0.0188051   -9.80898 
                13.4 -0.0104966   0.169089     16.757   4.65025  0.895214 0.0466102 -0.0235123 0.00739241  0.0400646   0.0016104 -0.00133002 0.000555714  0.827291  0.358473 0.0113187  4.80613e-05 -3.33038e-05 -7.67364e-05  0.000200678   0.00239126 -0.000525788 -0.00263445  0.00674403      -9.809 
                13.6 -0.090645  0.116903   18.8459   4.79976  0.943061 0.0461406 -0.0157421  0.0269793  0.0325165  0.00162261 -0.00125443 0.000555984   0.800521   0.278103 0.00609566   0.00014899 -1.24542e-05  0.000316474   0.00381537   0.00131644 -4.85744e-05 0.00203135 0.00176494     -9.809 
                13.8 -0.058673 0.0705048    19.696   4.91995  0.980229 0.0500443 0.0314048 0.0538929  0.024913  0.00175513 -0.00174924 0.000583016  0.688623  0.204645 0.0101811  6.87836e-05 -1.49045e-05   0.00022553   0.00913606  -0.00729475 -0.000420934 0.00454866 -0.0162981   -9.80899 
                13.9 -0.0485842   0.113875    19.1153   4.98471   1.00351 0.0448565 0.0224674 0.0424539 0.0246303   0.0016356 -0.00157604  0.00058676   0.667486   0.179019 -0.0054877  7.79135e-05 -5.90655e-05  0.000104427  0.00677514 -0.00590469 0.000723995 0.00158415  -0.012305   -9.80899 
                14.2 -0.073524  0.128987   17.7351   5.30367   1.07546 0.0467314 -0.0493155  0.0140278  0.0164463  0.00161414 0.000184556  0.00061411    0.908572    0.201939 4.90119e-05 0.000186922 -0.00017929 0.000899324   0.0013841  0.00706564 0.000259911 0.00027454  0.0136169   -9.80899 
                14.3 -0.148457  0.080321   14.4799    5.2851   1.06809 0.0447597 0.0573004 0.0518989 0.0689683   0.00146636 -0.000859832  0.000638089   0.628045   0.136604 -0.0041273  0.000176293 -0.000546947 -0.000619941  0.00904663   -0.011912 0.000640536 -5.08013e-05   -0.0242809     -9.80897 
                14.5 -0.0441381   0.113747    12.8336   5.46541   1.10552 0.0395511 0.0132493 0.0391684 0.0590859   0.00149334 -0.000484892  0.000666483   0.767098   0.177397 -0.0132796  0.000133243 -0.000263299  0.000452189  0.00619363 -0.00489103  0.00119739  0.00197921 -0.00991692    -9.80899 
                14.8 -0.0368626   0.118995    12.7593    5.7333    1.1711 0.0443628 -0.0164155  0.0245523  0.0621199  0.00152821 -0.00134168 0.000674644   0.842212   0.203445 0.00219491  0.000174765 -0.000215892  0.000418765  0.00311231 6.70749e-05 4.16371e-06  0.00303535 0.000593247      -9.809 
                  15 -0.0496072   0.114637    13.2829  5.89836  1.21335 0.043625 -0.00538872   0.0299336   0.0590404  0.00155255 -0.00104354 0.000676278      0.82622     0.205082 -0.000137729 0.000175847  -0.0001502 0.000384183  0.00426726 -0.00182911 0.000168373  0.00230586 -0.00318259      -9.809 
                15.2 -0.11482 0.107284  13.2769   6.00067   1.23172 0.0446275 0.0169361 0.0462615  0.056609   0.00156988 -0.000979754  0.000677616   0.728315   0.135647 0.00123195  0.000229673 -0.000155956  0.000386942   0.0076272 -0.00577339 3.73356e-05  0.0021158 -0.0119718   -9.80899 
                15.4 -0.100694  0.102215   12.5663   6.12155   1.25341 0.0467255 0.0312712 0.0523343 0.0600128  0.00154135 -0.00113768 0.000677497  0.681212 0.0928968 0.0049776  0.000195881 -0.000164257  0.000153342   0.00900705  -0.00831328 -0.000224535 0.000994845  -0.0167885    -9.80899 
                15.6 -0.0772448    0.10572    11.0495   6.26709   1.27542 0.0399597 0.0241654 0.0453894  0.057377  0.00149053 -0.00100201 0.000676178   0.704735  0.0703883 -0.0110496  0.000178333 -0.000169938   5.0704e-05  0.00744366 -0.00749862 0.000932131 0.000285542  -0.0137746    -9.80899 
                15.8 -0.125629   0.09696   8.47729   6.47093   1.28451 0.0407909  0.002806 0.0326874 0.0423553   0.00153546 -0.000395478  0.000675924   0.817143 -0.0213581  -0.004768  0.000234203 -0.000249972  0.000275058  0.00467729 -0.00347205 0.000459634  0.00249671 -0.00627384      -9.809 
                  16 -0.0476603  0.0826968     4.1186   6.63909   1.27213 0.0320096 -0.00684083   0.0310118   0.0332395   0.00165972 -0.000134355   0.00068078   0.860265 -0.0652732 -0.0220107 0.000130869 -0.00029061 0.000410962  0.00399887 -0.00248834  0.00157452  0.00398253 -0.00491596      -9.809 
                16.1 -0.140615 0.0747332   1.06601   6.74562   1.26934 0.0430019 0.00390136  0.0412692  0.0600937   0.00171993 -0.000314439   0.00069024   0.768429 -0.0432347 0.00960934  0.000239513 -0.000191944 -0.000214524    0.0068208  -0.00271288 -0.000521791 0.00155603 -0.0051687     -9.809 
                16.4 -0.0594894  0.0836125   -1.83732 6.91657 1.24996 0.04086 -0.000520597    0.0413302    0.0621037   0.00171018 -0.000287044  0.000694708   0.753683 -0.0837144  0.0010723  0.000157029 -0.000198139  0.000139764  0.00681353 -0.00217509 4.43856e-05 0.000529346 -0.00484838      -9.809 
                16.5 -0.127906  0.111408  -4.61199   7.04592   1.22818 0.0433145 0.0242196 0.0161201 0.0486704   0.00146877 -0.000686433  0.000698105   0.876797 -0.0986067 0.00677256  0.000186056 -0.000225637  0.000512461   0.00161108  -0.00628055 -0.000305466 0.000694047  -0.0161396    -9.80899 
                16.7 -0.13005 0.128817 -5.45111   7.24685   1.21024 0.0402781  0.0450066 0.00372304  0.0433439  0.00139228 -0.00101411 0.000703262    0.957345  -0.0653704 -0.00278433  0.000165819 -0.000219972   0.00056397 -0.00109177  -0.0100533 0.000298039 0.00173953 -0.0242139   -9.80897 
                16.8 -0.154862 0.0261379  -4.72536   7.28431   1.21103 0.0439009 -0.0191759  0.0320747  0.0284362  0.00148811 0.000757615 0.000777377     0.734967 -0.000311043   0.00777511 0.000242211  -0.0002131 0.000402824   0.00503698   0.00111414 -0.000387168 -0.00148215 -0.00108176      -9.809 
                  17 -0.104514 0.0871203   -3.6179   7.42855   1.22545 0.0432683 -0.0176184  0.0404367  0.0299715  0.00170457 0.000810415 0.000768995   0.771406   0.080408 0.00354138 0.000180678 -0.00027985  0.00020625   0.00651714  0.000836739 -0.000106003   0.00110533 -1.89343e-05       -9.809 
                17.1 -0.013663 0.0750042  -1.25909  7.47908  1.22722 0.038034  -0.052436  0.0460215 0.00766106  0.00152513  0.00156674 0.000772007    0.612518   0.0387803 -0.00934558  0.000132945 -0.000278244  0.000754243  0.00778903  0.00799859 0.000801078 -0.00412661   0.0113558    -9.80899 
                17.3 -0.0357981   0.146269    0.55736   7.62447    1.2387 0.0379235 -0.0186522  0.0362901  0.0259774  0.00157749 0.000936273 0.000813439     0.54956   0.0817257 -0.00593765  0.000126716 -0.000352158  0.000189365  0.00554501  0.00174332 0.000568834 -0.00025127 0.000225099      -9.809 
                17.4 -0.0527837  0.0807669    1.44787   7.66049   1.23911 0.0355729 -0.0319379  0.0354744  0.0116232  0.00177167 0.000804388 0.000811741   0.538099  0.0982704 -0.0110283  0.000144767 -0.000269874  0.000510466  0.00522577  0.00436518 0.000875059 -0.00359793  0.00290765      -9.809 
                17.6 -0.0508218   0.112698    3.70366   7.81341   1.27524 0.0359131 -0.0161376  0.0267351  0.0238451  0.00183955 0.000397781 0.000820171    0.735945     0.24353 -0.00644108  0.000133031 -0.000311611 -0.000369823  0.00368166   0.0013501 0.000549078 -0.00124065 -0.00208029      -9.809 
                17.7 0.0154099  0.121322   8.00861   7.87019    1.2984 0.0357701 -0.0235486  0.0309779  0.0105484  0.00179279 0.000700285 0.000820988     0.67218    0.294881 -0.00506701  8.23947e-05 -0.000309838  0.000474552  0.00480453  0.00266589 0.000455242  -0.00283275 -0.000330784       -9.809 
                17.9 -0.0650268   0.121741    13.7992  8.02812  1.38262 0.038166 -0.0173452  0.0204672  0.0277499  0.00322235 -0.00182514 0.000856152    0.60796   0.329175 0.00251426  0.000162034 -0.000300152  -0.00170284     0.001925  0.000632638 -6.34505e-05 -0.00097358 0.000359071      -9.809 
                18.1 0.0265181   0.10432   18.6592   8.12166   1.43077 0.0382506 -0.00968382   0.0402574  -0.0072517  0.00352888 -0.00148386 0.000879282    0.606124    0.345382 0.000429849  8.41063e-05 -0.000303345  -0.00018456   0.00597602 -0.000284458  3.83941e-05  0.00101576 -0.00532096      -9.809 
                18.2 -0.0331713  0.0681521    22.9616   8.15453   1.45227 0.0332345  0.0180993  0.0621597 -0.0345301  0.00398977 -0.00185876  0.00088146   0.605907   0.327717 -0.0116022  0.000123345 -0.000297623  0.000717189   0.0101147 -0.00480948 0.000814902 0.00444864 -0.0159568   -9.80899 
                18.4 -0.021841  0.126083    25.774   8.30418   1.54777 0.0333605 -0.0108145  0.0213595 -0.0272036  0.00382784 -0.00201385 0.000912095    0.698056    0.402996 -0.00619935  0.000146913 -0.000311164 -0.000212632  0.00175819 0.000401059 0.000390274 -0.00745499 -0.00316433      -9.809 
                18.6 0.00445862  0.0812456    27.1905    8.4388   1.61071 0.0334529 -0.00419509   0.0435494  -0.0185218  0.00418811 -0.00222441 0.000920376    0.700855    0.348175 -0.00453794  0.000115386 -0.000284761  0.000244502    0.0059289 -0.000776425  0.000249372 -0.000214742  -0.00664872       -9.809 
                18.8 -0.0705239   0.092871    27.5322   8.55149   1.65851 0.0416547  0.0453406  0.0789115 -0.0118194  0.00439168    -0.00302 0.000906396  0.646721  0.285799 0.0125525   0.00012497 -0.000291925  0.000212586    0.0120905  -0.00965958 -0.000804201 0.00923908 -0.0249106   -9.80896 
                18.9 -0.0417478   0.106912    27.2563   8.63743   1.70048 0.0407674 0.00849459  0.0546922 -0.0137434  0.00441334  -0.0027036 0.000904266    0.70115   0.307845 0.00756916  0.000140685 -0.000308053  0.000168572   0.00754148  -0.00311623 -0.000517085 0.00232407 -0.0114619   -9.80899 
                19.1 0.0209517  0.182503   26.4861   8.82592    1.7912 0.0430345 -0.0795785 0.00760196 -0.0184263  0.00445121 -0.00197258 0.000941573  0.822805  0.373933 0.0101086  0.000162355 -0.000367468  0.000408139  -0.00156647    0.0127779 -0.000646739 -0.0106527  0.0206196   -9.80897 
                19.3 -0.000707301     0.162933      25.3851   8.97111   1.84522 0.0466455 -0.0492743  0.0273566 -0.0146932  0.00439602 -0.00202524 0.000944605  0.809212  0.302609 0.0125088   0.00015077 -0.000360015  0.000262509   0.00228106   0.00744932 -0.000848483 -0.00496727  0.00949817    -9.80899 
                19.4 -0.0928915    0.12853    23.8891  9.00611  1.85429 0.047577  0.0483404  0.0616949 0.00654722  0.00427646 -0.00200222  0.00096897  0.667316  0.250789 0.0107543  0.000142075 -0.000349848 -0.000197345   0.00928402   -0.0101645 -0.000735858 0.00276298 -0.0254938   -9.80897 
                19.6 -0.063488    0.1812    22.553   9.17721   1.91861 0.0476904  -0.0121686   0.0391151 -0.00411957  0.00426828 -0.00182241 0.000988989   0.770656   0.248364 0.00766884  0.000165091 -0.000373224  0.000309134   0.00461444  0.000468561 -0.000500603 -0.00228404 -0.00392924      -9.809 
                19.7 -0.122957  0.140335   21.5246     9.232   1.93621 0.0461896   0.0232328   0.0489107 0.000445575  0.00423925 -0.00158496 0.000997536    0.67618   0.232789 0.00132472   0.00018189 -0.000347064 -2.46464e-05   0.00669044  -0.00602324 -0.000154351 -0.000909131   -0.0166047     -9.80899 
                19.9 -0.0347802   0.168552    20.2769   9.41335   1.99617 0.0442323  -0.0244211   0.0348346 -0.00699007   0.0042209 -0.00155685  0.00100483    0.819985    0.230461 -0.00302747   0.00014231 -0.000354786  0.000343075  0.00352731  0.00241084 0.000118836 -0.00291712 0.000289917      -9.809 
                  20 -0.118282  0.140133   19.3017   9.46456    2.0007 0.0449761    0.0254456    0.0562197 -0.000261568  0.00414053 -0.00113165   0.0010066     0.737761     0.126905 -0.000577436  0.000167333 -0.000348253 -4.95708e-05   0.00811471   -0.0064415 -1.07325e-05 0.000803969  -0.0179567    -9.80898 
                20.2 -0.120357  0.157141   16.5593   9.64331   2.02944 0.0456974 -0.0153681  0.0436717 -0.0163789   0.00406101 -0.000153782   0.00102042   0.844664  0.0941538 0.00130274  0.000199598 -0.000355819  0.000783822   0.00522158   0.00101741 -0.000150945 6.54122e-05 -0.00324729      -9.809 
                20.3 -0.121859  0.130025   12.9953   9.72152   2.03895 0.0430978 0.00626506  0.0450261 0.00422653   0.00395994 -0.000585434   0.00102257    0.784842   0.0557857 -0.00502665  0.000172116 -0.000332605  0.000215523  0.00582794 -0.00348994 0.000239645 -0.00204744  -0.0107973    -9.80899 
                20.5 -0.111658  0.155469   9.29181   9.90822   2.04149 0.0465901 -0.0131021   0.043525 -0.0206041  0.00415012 0.000262048  0.00104186   0.801997  0.0163902 0.00427715 0.000170373 -0.00036231  0.00104407    0.0051029  0.000861199 -0.000316443 0.000895864 -0.00426524      -9.809 
                20.7 -0.0889663   0.125375    5.30256   10.0631   2.03996 0.0399624 -0.0193884  0.0453128 -0.0251636  0.00410737 0.000291202  0.00104279    0.66432  0.0330587 -0.0107918  0.000136471 -0.000349326  0.000891385  0.00509249  0.00111556 0.000549736  0.00175883 -0.00385802      -9.809 
                20.9 -0.138286  0.121511    3.9357   10.1547   2.05365 0.0428363  -0.018013  0.0509761 -0.0122061 0.00437916 0.00129225 0.00104756     0.654792     0.114759 -0.000966159  0.000182671 -0.000296842  0.000338361   0.00743746   0.00109103 -2.37538e-05 -0.000254464  -0.00343432       -9.809 
                21.1 -0.108949  0.118891   5.06402   10.2823   2.08471 0.0414703 -0.0201728   0.053445 -0.0153546 0.00437031 0.00164545 0.00104812    0.741887      0.2323 -0.00381615  0.000161427 -0.000292491  7.21155e-05  0.00789228  0.00159321 8.04685e-05 -0.000803088  -0.00266494       -9.809 
                21.3 -0.092172  0.146563    8.3656  10.4148  2.13602 0.042692 -0.0240674  0.0545925 -0.0194941 0.00423874 0.00197063 0.00104644     0.70393    0.331669 0.000331366  0.000152463 -0.000302963  0.000219504   0.00819115   0.00217782 -0.000129543 -0.00162839  -0.0020256      -9.809 
                21.4 -0.116456   0.16217   13.6097   10.4776   2.16588 0.0501285 -0.0319117  0.0594601 -0.0259027 0.00410116 0.00228742 0.00104419  0.668317   0.36041 0.0186897  0.000183763 -0.000301341  0.000745267  0.00832847  0.00197702 -0.00109445 -0.00206161 -0.00165045      -9.809 
                21.6 -0.0745764   0.190046    18.4409   10.6512   2.25931 0.0522701 -0.0380384  0.0465736  0.0142224   0.00424059 -0.000406471   0.00105272  0.739659  0.442271 0.0157101  0.000165203 -0.000303128 -0.000634974   0.00524176   0.00330908 -0.000996937 -0.0010139 0.00231006     -9.809 
                21.7 -0.101854   0.20132    22.746   10.7101   2.29356 0.0533352 -0.0258081  0.0590986 -0.0115752   0.00454745 -0.000473787   0.00105237  0.679507  0.404322 0.0132316  0.000191563 -0.000321651  0.000282929   0.00794285   0.00140476 -0.000874108 0.000834971 -0.00314986      -9.809 
                21.9 -0.0154904   0.216866    25.9084   10.8817   2.39586 0.0504571 -0.0609661  0.0362278  0.0260181   0.00411817 -0.000500357   0.00104424   0.780234    0.47467 0.00293772  0.000156806 -0.000319001 -0.000543562  0.00293897  0.00874529 -0.00024374 -0.0035372  0.0116048   -9.80899 
                22.1 -0.0592161   0.192383    27.8462   11.0041   2.46861 0.0481732 -0.0114761  0.0658989 0.00812211  0.00466411 -0.00187094  0.00105674    0.695857    0.411826 -0.00381519  0.000153731 -0.000308449   2.0738e-05   0.00892965 -7.39892e-05  6.82239e-05  0.00411074 -0.00676423      -9.809 
                22.2 -0.159864  0.133614    29.246   11.0255   2.48088 0.0429283    0.057364   0.0981136 0.000756538   0.0048169 -0.00297054  0.00107734   0.588096   0.338172 -0.0164459 0.000182324 -0.00028331 0.000329676   0.0153345  -0.0126995 0.000731715  0.0130316 -0.0316558   -9.80894 
                22.3 -0.0561212   0.184282    29.8019    11.116   2.53623 0.0434473 -0.0138915  0.0639756 0.00460241  0.00485254 -0.00254717  0.00112032   0.695001   0.404781 -0.0102671  0.000153659 -0.000287192   0.00010543  0.00846306  0.00045398 0.000390418  0.00277303 -0.00595184      -9.809 
                22.5 0.0113962  0.233612   29.9686   11.3104   2.65183 0.0409465 -0.0972767   0.032239 0.00694611 0.00498744 -0.0021561 0.00119665   0.806006   0.489746 -0.0104504  0.000166328 -0.000289916  0.000181299 0.00191802  0.0157653 0.00041227 -0.00666068    0.023771    -9.80897 
                22.6  -0.1295 0.126845  30.2555   11.3307   2.66283 0.0400816  0.0555475  0.0910548 0.00901866  0.00467477 -0.00224765  0.00127804    0.607117    0.365782 -0.00981549  0.000154916 -0.000240214    0.0002061   0.0140198  -0.0120635 0.000368087  0.0111039 -0.0304748   -9.80895 
                22.8 -0.0636043    0.19025    30.6124   11.4606   2.74903 0.0444562 0.00494555  0.0640661  0.0102563  0.00482311 -0.00247615  0.00130622   0.666001   0.438662 0.00410393  0.000144303 -0.000280849  0.000122662   0.00874128  -0.00286318 -0.000388788 0.00256637  -0.012406   -9.80899 
                  23 -0.00700661     0.19041     31.4471   11.6313   2.86488 0.0365784 -0.0545873  0.0387922  0.0157653  0.00497618 -0.00298459  0.00131111   0.741345    0.50523 -0.0131177  0.000148172 -0.000264384 -3.46331e-06  0.00357994  0.00789205 0.000573775 -0.00539499  0.00864147    -9.80899 
                23.1 -0.0732754   0.173842    32.1326   11.6703   2.88732 0.0416522  0.0183616  0.0763242 0.00496397  0.00481345 -0.00261125  0.00131104    0.64169   0.435275 0.00147629  0.000147344 -0.000293832  0.000116167    0.0110707  -0.00533498 -0.000242538 0.00665531 -0.0173154   -9.80898 
                23.3 -0.0668996   0.162046    32.6883   11.7974   2.97405 0.0402785  0.0266788  0.0821047 0.00373997  0.00478222 -0.00255469   0.0013127    0.624504    0.439019 -0.00194049  0.000137322 -0.000289903  6.44503e-05    0.0121782  -0.00678559 -6.43703e-05 0.00856201 -0.0202324   -9.80898 
                23.4 -0.117356  0.158557   33.6661    11.832   2.99876 0.0397872   0.0693125   0.0982007 -0.00257011  0.00471485 -0.00233915  0.00131183    0.565174    0.400233 -0.00325213  0.000146164 -0.000322392  0.000239246    0.0154654   -0.0145358 -2.24292e-05  0.0138131 -0.0352197   -9.80893 
                23.6 -0.0459554   0.217734    34.3216   12.0074   3.13836 0.0391122  -0.024731  0.0433621 0.00675896   0.0050229 -0.00307449  0.00136974    0.679914    0.524916 -0.00312081  0.000150495 -0.000253903  1.03705e-05   0.00471669   0.00255398 -8.40324e-05  -0.0046761 -0.00199651      -9.809 
                23.7 -0.0878918   0.126905    34.9864   12.0437    3.1526 0.0358055   0.0666677    0.105479 -0.00559581   0.0048462 -0.00294887  0.00142086   0.570153   0.402433 -0.0116521  0.000123717 -0.000274738  0.000251258   0.0167622   -0.013872 0.000324928  0.0164596 -0.0341662   -9.80893 
                23.9 -0.046917  0.213674    35.502   12.1742   3.25636 0.0386774  0.000727761    0.0650902 -5.99907e-05  0.00501556 -0.00321171   0.0014877     0.647652     0.494139 -0.000121995  0.000140492 -0.000288765  0.000118962    0.0088866  -0.00194316 -0.000274592 0.00252044 -0.0110687   -9.80899 
                  24 -0.0629171   0.177695    36.0305   12.2328    3.3024 0.0386423     0.011671    0.0671788 -0.000850473  0.00500411 -0.00317823  0.00148935     0.633403     0.488118 -0.000233828  0.000144791 -0.000259737  0.000171752   0.00935088  -0.00395554 -0.000273766 0.00324234 -0.0148932   -9.80899 
                24.2 0.011177 0.239231  36.3976   12.4021   3.43712 0.0367328 -0.0667494  0.0311795 0.00355206  0.00516876 -0.00350111   0.0015345    0.729321    0.575209 -0.00350123  0.000150882 -0.000289156  8.09082e-05  0.00218291   0.0103194 -9.4708e-05 -0.00933768   0.0124868    -9.80899 
                24.4 -0.0450147   0.155331    36.8305   12.4954   3.49488 0.0345257   0.0317856   0.0918378 -0.00323986  0.00493684 -0.00324531  0.00158474     0.61594    0.454304 -0.00702196 7.41048e-05 -7.8185e-05  0.00015047   0.0139495 -0.00744161 7.74257e-05  0.0118184 -0.0218174   -9.80897 
                24.5 -0.141056  0.145214   36.9998    12.523   3.52278 0.0346264    0.102641    0.106941 -0.00453962  0.00484858 -0.00309775  0.00158828   0.503397   0.396833 -0.0046838 0.000122757 0.000195786 0.000201241    0.0172003   -0.0204417 -4.00534e-05   0.017309 -0.0465001   -9.80887 
                24.7 -0.055642  0.198116   37.3506   12.6652   3.63797 0.0352563    0.0222376    0.0701676 -0.000758908 0.00504499 -0.0035959 0.00164334    0.608837    0.507292 -0.00152603  0.000136987 -6.33226e-05  0.000154777   0.00998838  -0.00580182 -0.000206168 0.00419722 -0.0185958   -9.80898 
                24.8 -0.0833203   0.155024    37.5164    12.716   3.68475 0.0325447   0.0621228   0.0840593 -0.00340673  0.00498171 -0.00345611  0.00165303     0.54313    0.484599 -0.00778506 0.000130784 9.27102e-06 0.000245871    0.012761  -0.0130694 9.06434e-05 0.00915183 -0.0324454   -9.80894 
                  25 0.00991635   0.235931    38.6073   12.8666   3.81457 0.0312893 -0.0385334  0.0433839  0.0100438 0.00526033 -0.0048742 0.00173685    0.674816    0.588606 -0.00667982  0.000130323 -4.74941e-05   2.1612e-05  0.00467092  0.00521945 6.14396e-05 -0.00556702  0.00239293      -9.809 
                25.1 -0.0428246   0.155347    39.0957    12.911   3.85611 0.0302762   0.0220593   0.0678314 0.000317242  0.00516365 -0.00460967  0.00177428      0.5893     0.54239 -0.00776922  0.000128277 -2.58865e-05  0.000192532  0.00953615 -0.00575648 0.000105929 0.00326116 -0.0185561   -9.80898 
                25.3 0.0144353   0.20356   39.9241    13.061   3.98807 0.0315342 -0.0375415  0.0504486  0.0073897  0.00522428 -0.00511729  0.00180281    0.663511    0.602208 -0.00210465  0.000132582 -1.31452e-05  -9.8657e-06   0.00601293   0.00506234 -0.000197888 -0.00323627  0.00201065      -9.809 
                25.4 -0.0732176    0.12265    40.6935  13.0925  4.01524 0.028242   0.0639481   0.0937549 -0.00698877  0.00506006 -0.00481245   0.0018459   0.554018   0.477879 -0.0095557  0.000125279 -3.08257e-05  0.000242636   0.0145429  -0.0133133 0.000186262  0.012738 -0.032893  -9.80894 
                25.6 0.00598726   0.210266    40.8667   13.2358   4.14173 0.0317061  -0.0186263   0.0559265 -0.00418136  0.00516552 -0.00477817  0.00193545  0.655339  0.575163 0.0030542 0.000124822 -2.9819e-05 0.000195855   0.00715039   0.00183537 -0.000409157 -0.00136262 -0.00442552      -9.809 
                25.8 -0.044464  0.133035   40.8772   13.3447   4.23993 0.0252647   0.0359431    0.076288 -0.00199399  0.00507444 -0.00483612   0.0019603   0.579786   0.526487 -0.0113965  0.000120645 -1.24877e-05  0.000184185   0.0111136 -0.00830328 0.000290277 0.00628097 -0.0233868   -9.80897 
                25.9 -0.106822   0.12124   40.9924   13.3708   4.26114 0.0237437    0.093615    0.104567 -0.00200434   0.0049448 -0.00468121  0.00195671   0.504718   0.454394 -0.0125554  0.000126642 -5.53796e-05  0.000227393   0.0166582  -0.0188076 0.000347391 0.0168928 -0.043143  -9.80889 
                  26 -0.0489071   0.168481    41.3478   13.4541   4.34153 0.0255861   0.0340172   0.0716263 0.000661429  0.00514396 -0.00521354   0.0020022 0.585658 0.529399 -0.00294  0.000123617 -3.86337e-05  0.000161226    0.0103141  -0.00798279 -9.98484e-05 0.00464196 -0.0228191   -9.80897 
                26.2 0.0432815  0.230093   41.4238    13.617    4.4908 0.0282177 -0.0620805  0.0328536 0.00547226  0.00531051 -0.00569915  0.00209088  0.695752  0.663151 0.0052431   0.00012533 -3.09146e-05   0.00021345   0.00273428   0.00952897 -0.000461637 -0.0100235  0.0101592   -9.80899 
                26.4 -0.0444237  0.0964173    41.7963   13.7064   4.56852 0.0185705   0.0292834   0.0783091 -0.00172858  0.00508562 -0.00519231  0.00219533   0.588462   0.538225 -0.0172508 0.000125615  1.4713e-05 0.000246239   0.0114207  -0.0069956 0.000624197 0.00676305 -0.0210287   -9.80898 
                26.5 -0.125531 0.0885528   42.1625    13.734   4.59387 0.0187994   0.0967732    0.105014 -0.00622899 0.00496659 -0.0048685 0.00219726   0.496419   0.454836 -0.0131849 0.000136408 -1.4027e-05 0.000293786  0.0167656 -0.0193337 0.00042001  0.0170814 -0.0441891   -9.80889 
                26.7 -0.0399687   0.129378     42.442   13.8707   4.71644 0.0164054   0.0212735   0.0802086 -0.00455664  0.00506393 -0.00527674  0.00228428   0.606736   0.535818 -0.0108019  0.000127386 -1.75082e-05  0.000197556   0.0117721 -0.00547767 0.000317034 0.00724447 -0.0182228   -9.80898 
                26.8 -0.0701269  0.0726616    42.4496   13.9106   4.75313 0.0129976 0.0579632 0.0901896 -0.004778  0.00500072 -0.00521214  0.00229154   0.552824   0.495154 -0.0180441 0.000125782 3.69975e-05 0.000222687   0.0138122  -0.0122269 0.000632319  0.0112761 -0.0308798   -9.80894 
                  27 -0.00769422    0.126299     42.4373   14.0673   4.89287 0.0140184 -0.00428026   0.0693273  -0.0049586 0.00509886  -0.005323 0.00235613    0.645967     0.57027 -0.00590157  0.000121085 -3.43679e-05  0.000230624   0.00961737 -0.000779222  0.000140777  0.00301352 -0.00946749    -9.80899 
                27.1 -0.138671 0.0671063    42.426   14.0899   4.91971 0.0126161   0.0735852   0.0880749 -0.00569723  0.00500512 -0.00505632   0.0023987    0.517469    0.490274 -0.00936155 0.000162867 2.00827e-05  0.00025845   0.0135551  -0.0150834 0.000272581  0.0107942 -0.0363191   -9.80893 
                27.3 -0.015814  0.127114   42.5193   14.2127   5.03749 0.0136712  0.0312624  0.0715504 -0.0056088 0.00506549 -0.0052772 0.00244731    0.576415     0.55079 -0.00249828  0.000102519 -1.21558e-05  0.000220309    0.0102809  -0.00731917 -4.75912e-05 0.00435678 -0.0218173   -9.80897 
                27.4 -0.0860655   0.112216    42.7693   14.2717    5.1014 0.0121088   0.0387241   0.0660546 -0.00580686   0.0051054 -0.00523339   0.0024505    0.557046    0.557405 -0.00559061 0.000146492 1.25899e-06 0.000269942  0.00929803 -0.00873014 9.68404e-05  0.0025525 -0.0245022   -9.80897 
                27.6 0.000991973    0.146025     43.0595   14.4088   5.23735 0.0127173  -0.0179025   0.0451674 -0.00290965  0.00519045 -0.00565562  0.00247868     0.638512     0.633039 -0.000505623   0.000124 2.1507e-05 0.00019321   0.00507532   0.00161799 -0.000128045 -0.00568752 -0.00512547      -9.809 
                27.8 -0.0569127  0.0838467    43.2636    14.5101    5.33287 0.00875222   0.0420598     0.07457 -0.00705272 0.00504701    -0.0054 0.00251997    0.540293     0.55355 -0.00979894 0.000124762 2.92523e-05 0.000250999   0.0108822 -0.00926057 0.000249629 0.00554519 -0.0254943   -9.80897 
                  28 -0.158349 0.0726003   43.5227    14.5631    5.39819 0.00876706  0.105208  0.095889 -0.010221  0.00494568 -0.00515953  0.00252467   0.418814   0.480833 -0.0077041 0.000153228  2.4192e-05 0.000329309   0.0152934  -0.0208711 0.000118738  0.0141847 -0.0471576   -9.80888 
                28.1 -0.0502207   0.100625    44.5392    14.6307    5.46465 0.00984493   0.0648432   0.0879626 -0.00308393  0.00492565 -0.00557131  0.00255505    0.487559    0.533189 -0.00156837  0.000103046 -2.07591e-05  0.000455463    0.0135541   -0.0134997 -0.000113901  0.0105937 -0.0333105   -9.80894 
                28.3 0.0414162  0.152612   45.6934   14.8049   5.64755 0.0114831 -0.0345157  0.0481922 0.00907405  0.00500256 -0.00742171  0.00266049   0.688446   0.669188 0.00521777  0.000103978 -0.000154401  6.75566e-05   0.00558502   0.00471469 -0.000341104 -0.00536929  0.00052575      -9.809 
                28.5 -0.0579575  0.0917405    45.5193    14.9048    5.73191 0.00912286  0.0211209    0.07628 0.00636334  0.00489612 -0.00771366  0.00269822    0.618301    0.550877 -0.00203282      0.00013 -8.22705e-05  0.000239935    0.0111079  -0.00542646 -2.25623e-05 0.00557142 -0.0182596   -9.80898 
                28.6 -0.0548659  0.0830298    44.4287    14.9393    5.76483 0.00817655 0.0553785 0.0848833  0.013263  0.00478067 -0.00805031  0.00270118    0.561249     0.49907 -0.00416888  9.88109e-05 -9.47239e-05  0.000182203   0.0129242  -0.0118832 9.31802e-05 0.00937219 -0.0301385   -9.80895 
                28.8 -0.010878   0.12681   43.5664    15.0953    5.90475 0.00752757 -0.000922637    0.0659095   0.00381967  0.00491722 -0.00741105  0.00275998    0.656536    0.584236 -0.00214301  0.000114006 -4.96449e-05  0.000456359  0.00904935 -0.00145683 1.51002e-05 0.00149204 -0.0108778   -9.80899 
                  29 -0.0504554  0.0941716    42.9822    15.1896    5.99461 0.00567848  0.0361815  0.0736622 0.00847549   0.0049225 -0.00717931   0.0027687    0.582221    0.543601 -0.00565669  0.000104522 -8.18959e-05  0.000293879   0.0107256 -0.00833925   0.0001647 0.00493678 -0.0236807   -9.80897 
                29.1 -0.124075 0.0965675   42.8195     15.239    6.04417 0.00469245  0.0621733  0.0804317 0.00876551  0.00492548 -0.00687319   0.0027701    0.527176    0.512153 -0.00721008  0.000135952 -0.000113389  0.000264929  0.0121972 -0.0130455 0.00021816 0.00778507  -0.032535   -9.80894 
                29.3 -0.0483961   0.110334    42.9841     15.365    6.16502 0.00532349 0.0261528 0.0698213 0.0104757  0.00493596 -0.00736147  0.00278882    0.586346    0.573159 -0.00191259  0.000105127 -9.82449e-05  0.000242999   0.00991346  -0.00654018 -1.37984e-05  0.0034545 -0.0202828   -9.80898 
                29.5 -0.042703 0.0929965   43.4636     15.486    6.28091 0.00341005 0.0203763 0.0688568 0.0111969  0.00493247 -0.00743146  0.00278854    0.598972    0.576462 -0.00473276  0.000104696 -8.54626e-05  0.000203273  0.00965969 -0.00546566 0.000126008 0.00299978 -0.0182783   -9.80898 
                29.6 -0.104328  0.080976   43.7115    15.5357    6.32657 0.00116803   0.039319  0.0781208 0.00911428  0.00487863 -0.00732958  0.00279192    0.560397    0.540703 -0.00965702  0.000134776 -8.11847e-05  0.000230579    0.011545 -0.00885546 0.000327751 0.00654283 -0.0246659   -9.80897 
                29.8 -0.00166523   0.0985805     43.8613    15.6721    6.45515 0.00178285 0.00874688  0.0679876  0.0108685  0.00493274 -0.00743675  0.00281008    0.622976    0.585358 -0.00333995  8.18562e-05 -8.14854e-05  0.000216955  0.00939464  -0.0032734 6.15118e-05 0.00246471 -0.0142222   -9.80899 
                  30 -0.0553629  0.0775921    43.9043     15.7616     6.55012 -2.3376e-05 0.0446838 0.0730668 0.0105336  0.00487829 -0.00738527  0.00281998    0.543711    0.542406 -0.00647307  9.25741e-05 -7.48974e-05  0.000237454   0.0106903 -0.00994125 0.000160816 0.00493585 -0.0266594   -9.80896 
                30.1 -0.126422 0.0517977   43.9452      15.7887      6.57082 -0.000854805 0.0863588 0.0934705  0.010521  0.00479646 -0.00728555   0.0028266     0.46899    0.452318 -0.00760183  0.000114055 -7.31941e-05  0.000218278   0.0149244  -0.0175172 0.000212791  0.0129157 -0.0407625   -9.80891 
                30.3 -0.0228389   0.101884    43.9313    15.9255    6.69873 0.00139963 0.0420448 0.0800167 0.0106354  0.00485272 -0.00740647   0.0028896   0.557429   0.521297 0.00272066  7.12192e-05 -9.58915e-05  0.000243629    0.0120024  -0.00936298 -0.000170163 0.00733124 -0.0255952   -9.80896 
                30.5 -0.0919214   0.072321    43.9552     16.0238     6.79315 0.000340093 0.0543257 0.0828547  0.010476  0.00484085 -0.00735308  0.00289308    0.529426    0.501536 0.000103499  0.000111265 -7.75872e-05  0.000224626    0.0126345   -0.0116288 -1.40701e-05 0.00854719 -0.0298148   -9.80895 
                30.6 -0.0766608   0.068616    43.9569     16.0726     6.84165 -0.00174023 0.0527932 0.0805487 0.0105411  0.00485152 -0.00735999  0.00289272    0.530254    0.506749 -0.00505773  9.97669e-05 -7.13432e-05   0.00022157   0.0121692  -0.0113806 0.000213184 0.00769364 -0.0293409   -9.80895 
                30.7 -0.0270702  0.0947261    43.9813     16.1509     6.91737 -0.00204629 0.0320431  0.072781 0.0107368  0.00488439 -0.00746069  0.00290771    0.573206    0.545937 -0.00393298  8.06875e-05 -5.46159e-05  0.000203284    0.010539 -0.00759348 0.000141204 0.00460667 -0.0222828   -9.80897 
                30.8 -0.0469067  0.0865127    43.9863     16.2109      6.9794 -0.00336524 0.0173357 0.0636339  0.010967 0.00492703 -0.0075277 0.00290655    0.596992    0.581904 -0.00592563 0.000101162 -1.9081e-05 0.000198608  0.00867149 -0.00495905 0.000237577  0.0011268 -0.0173608   -9.80898 
                  31 0.0459077  0.134655   43.9495     16.3655     7.12518 -0.00210353 -0.0285289  0.0513773  0.0112841  0.00498508 -0.00770277  0.00296257   0.684131   0.660592 0.00113216 7.16758e-05 6.05618e-06 0.000224334   0.00589446   0.00348731 -2.81068e-05  -0.0040375 -0.00163407      -9.809 
                31.1 -0.0497699  0.0381873    44.1333      16.372     7.13802 -0.00373898  0.0536498  0.0750842 0.00637797  0.00489194 -0.00720396  0.00307366     0.51758    0.527274 -0.00445599  7.79652e-05 -7.86506e-06  0.000248264   0.011154 -0.0115541 0.00019591 0.00575347 -0.0297154   -9.80895 
                31.2 -0.0528965  0.0956525    44.3251       16.45      7.2105 -0.00376909  0.0266209  0.0701798 0.00759101  0.00489076 -0.00741325  0.00309643    0.579226    0.560371 -0.00268187  0.000102645 -2.53699e-05  0.000205454  0.00993465 -0.00655805 0.000127105 0.00347808 -0.0204153   -9.80898 
                31.4 0.0245816 0.0943014   44.3821     16.5821     7.33764 -0.00570585 0.00492091  0.0628714 0.00807059  0.00492895 -0.00751981  0.00311237    0.623915      0.5966 -0.00550568  6.27487e-05 -5.23561e-06  0.000190086  0.00829194 -0.00258188 0.000237815 0.000454619  -0.0130156    -9.80899 
                31.5 -0.0529269  0.0528222    44.4323    16.6105    7.37109 -0.0071569  0.0466691  0.0720255 0.00810569  0.00486831 -0.00738801  0.00313465    0.531622    0.531367 -0.00893251 8.67491e-05 4.81936e-06 0.000153902  0.0105262 -0.0102933 0.00035528 0.00455264 -0.0273535   -9.80896 
                31.7 -0.0321397   0.098889    44.3647     16.7533     7.50491 -0.00749889  0.0145825  0.0654381 0.00784434  0.00491759 -0.00743992  0.00316474    0.599946    0.583654 -0.00522523  9.54636e-05 -1.23362e-05  0.000200938  0.00887178  -0.0043507 0.000193009 0.00152329  -0.016322   -9.80899 
                31.8 -0.0485972  0.0614061    44.3737     16.7727     7.52555 -0.00627367  0.0533386  0.0775103 0.00776862  0.00486197 -0.00730412  0.00317522    0.513315    0.509943 -0.00207747  7.87994e-05 -4.72927e-06  0.000205337   0.0116948   -0.011453 6.90739e-05 0.00665266 -0.0295327   -9.80895 
                31.9 -0.0301806   0.104415    44.5122    16.8494    7.60625 -0.0057792  0.0214455  0.0631677 0.00831353  0.00491012 -0.00753403  0.00321001    0.583399    0.579287 0.000479807  8.78468e-05 -1.03851e-05  0.000164882   0.00858895  -0.00566102 -4.33896e-05 0.000925068  -0.0187659    -9.80898 
                32.1 -0.0104996  0.0988402    44.5216     16.9801     7.73378 -0.00683644 0.00355815  0.0582646 0.00875611  0.00492968 -0.00762602  0.00321329    0.624052    0.610869 -0.00102324 8.72591e-05 4.91348e-06 0.000181653  0.00742333 -0.00237848  5.8905e-05 -0.00119337  -0.0126601    -9.80899 
                32.2 -0.0438298  0.0455657     44.554     17.0021     7.75351 -0.00781333  0.0663407  0.0818531 0.00748779  0.00481722 -0.00735618  0.00325908    0.486816    0.476991 -0.00420444  6.60109e-05 -5.99132e-06   0.00015951   0.0126329  -0.0138431 0.000192216 0.00836558 -0.0339731   -9.80894 
                32.3 -0.0657841  0.0714266      44.52     17.0566     7.80238 -0.00856288  0.0552347  0.0814962 0.00748333  0.00482445 -0.00739291  0.00326227   0.514674   0.489518 -0.0052437  9.13007e-05 -1.64736e-05  0.000182409     0.01242   -0.011767 0.000226504 0.00798902 -0.0301229   -9.80895 
                32.4 -0.00485892   0.0921628     44.5016    17.1222    7.86407 -0.0078551  0.0389809  0.0766381 0.00744553 0.00484791 -0.0074457 0.00328035    0.551418    0.517374 -0.00145315  6.01651e-05 -1.61379e-05  0.000194838   0.0113077 -0.00876364 6.92785e-05 0.00594972 -0.0245653   -9.80897 
                32.6 0.029258 0.105303  44.4998     17.2781     8.00829 -0.00773579 0.000539629   0.0641601  0.00724145   0.0049037 -0.00760161  0.00330504    0.642264    0.582442 0.000348729  6.17706e-05 -4.55605e-06  0.000194494  0.00844323 -0.00169267 1.29567e-05 0.00075267 -0.0114581   -9.80899 
                32.7 -0.0538068  0.0564113    44.3446     17.2799     8.02198 -0.00958545  0.0641666  0.0749168 0.00994887  0.00483104 -0.00740055  0.00336841    0.478313    0.479044 -0.00485426 8.60561e-05 4.97136e-05 0.000102474   0.0113627  -0.0135292 0.000203069 0.0058862 -0.033372  -9.80894 
                32.8 -0.0359647  0.0808082    44.1732     17.3343     8.07513 -0.00945045  0.0470043  0.0701025 0.00903354  0.00486181 -0.00742183  0.00337659    0.517075     0.51849 -0.00326942 8.30696e-05 2.52666e-05 0.000150111   0.0102029  -0.0103726 0.000132499 0.00382388 -0.0275157   -9.80896 
                  33 0.0177673  0.149429   44.2194     17.4848     8.22395 -0.00913681 0.00456764  0.0549529 0.00846506   0.0049104 -0.00767081  0.00347711     0.625422     0.610456 -2.71444e-05  7.23291e-05 -4.53394e-05   0.00016181  0.00673595 -0.00264439 1.44478e-05 -0.00236817  -0.0131285    -9.80899 
                33.1 -0.00591072   0.0784638     44.2646     17.5182     8.25724 -0.00928494   0.032919  0.0642724 0.00725537  0.00487664 -0.00747169  0.00350273     0.553925     0.544831 -0.000969308 6.99197e-05 1.79454e-05 0.000159847  0.00895483 -0.00782067 4.52656e-05 0.00150584 -0.0227693   -9.80897 
                33.3 0.0193187  0.100847   44.2955    17.6666    8.40424 -0.0108586  0.0054945  0.0543426 0.00747258  0.00492099 -0.00765105  0.00351153    0.621872    0.607526 -0.00329347  7.19282e-05 -4.94877e-06  0.000137452   0.0066167 -0.00282247 0.000158926 -0.00257778  -0.0134621    -9.80899 
                33.4 -0.0167781  0.0596183    44.2776    17.6952    8.42854 -0.0114952  0.0342506  0.0671614 0.00742398   0.0048567 -0.00752357  0.00352405    0.534252    0.544256 -0.00470669  7.37298e-05 -2.37207e-05  0.000149873  0.00950531 -0.00804512 0.000220769 0.00249914 -0.0231943   -9.80897 
                33.6 0.0499179  0.112443     44.76    17.8344    8.57898 -0.0122736 0.00594911  0.0589555 0.00791324   0.0048347 -0.00796364  0.00357395    0.542586    0.671326 -0.00358792   5.4492e-05 -4.35065e-07 -5.33885e-05  0.00751596 -0.00284908 0.000188267 -0.000973606   -0.0135436     -9.80899 
                33.8 -0.0265572  0.0639329    47.3847   17.9092   8.70419 -0.012419   0.0278722   0.0591406 -0.00378725   0.0050884 -0.00729269  0.00359262    0.423146    0.674086 -0.00227718  8.36228e-05 -7.57067e-07 -7.76729e-05  0.00791901 -0.00694782 0.000136853 -0.000339627   -0.0211415     -9.80898 
                33.9 -0.0317865  0.0432467    50.4517    17.9241    8.73178 -0.0115196  0.0621821  0.0783499 -0.0399229  0.00495238 -0.00638361  0.00359757     0.323196      0.58214 -0.000403027  7.44418e-05 -1.96023e-05  0.000582126   0.0120141  -0.0133233 3.88792e-05 0.00741889 -0.0326951   -9.80894 
                34.1 0.0222745  0.115783   53.8994    18.0127    8.89057 -0.0114319   0.0203045   0.0577504 -0.00785571  0.00485425 -0.00854528  0.00367596    0.385298    0.705386 0.000510185  6.06009e-05 -6.75882e-05 -0.000378521  0.00771262 -0.00545803 1.95862e-05 -0.00138913  -0.0186492    -9.80898 
                34.3 0.0179477 0.0866311   56.7862    18.1043    9.04557 -0.0147659   0.0119658   0.0548354 -0.00116844  0.00485673 -0.00859364  0.00367393   0.437596   0.700876 -0.0064132  7.12169e-05 -5.37076e-05 -9.06135e-05  0.00700785 -0.00349542 0.000298547 -0.00290528  -0.0154759    -9.80899 
                34.4 0.0339264 0.0686972    57.993    18.1218    9.07407 -0.0138482  0.0487272  0.0719285 -0.0109659  0.00476642 -0.00940175  0.00368485    0.394232    0.599232 -0.00400968  3.70107e-05 -2.31468e-05   0.00015968   0.0104812   -0.010624 0.000167472 0.00505464  -0.027623   -9.80896 
                34.6 0.0232734 0.0860526   57.8645    18.2319    9.22759 -0.0140531  0.0278361  0.0617267 -0.0115346  0.00481055 -0.00881088  0.00368935    0.468066     0.61826 -0.00338421  5.88746e-05 -3.96706e-05  0.000163989  0.00846274 -0.00659641 0.000109945 0.000307039  -0.0208339    -9.80898 
                34.7 -0.0322665  0.0530552    56.2796    18.2524    9.25279 -0.0150247  0.0588068  0.0754143 0.00485026  0.00474339 -0.00964941  0.00369668    0.401502     0.55749 -0.00534018  7.18708e-05 -2.01678e-05 -0.000221702   0.0111988  -0.0125752 0.000178702 0.00693728 -0.0308906   -9.80895 
                34.9 0.0548549  0.152564   55.2248    18.3916    9.43473 -0.0146872 -0.00584257   0.0595868  -0.0146918  0.00508762 -0.00819998  0.00385142    0.498174    0.694021 -0.00190101  5.91395e-05 -6.93412e-05  0.000219846   0.00787115 -0.000358103  3.10848e-05  -0.0024303 -0.00945179      -9.809 
                35.1 0.00192201  0.0658914    55.6656    18.4607    9.55108 -0.0146901  0.0171667  0.0578857 -0.0149572  0.00528881 -0.00784801  0.00386994   0.444379   0.662749 -0.0011251  7.68369e-05 -1.63863e-05  0.000155088   0.00773514  -0.00468044 -1.22749e-06 -0.00162632  -0.0174618    -9.80898 
                35.2 -0.0226198   0.101771     56.084    18.4837    9.58424 -0.0142578  0.0476523  0.0697691 -0.0185036  0.00528565 -0.00730839  0.00386091     0.405033      0.57696 -1.38551e-05   7.1898e-05 -6.09624e-05  0.000226655    0.0101975   -0.0103248 -4.89325e-05 0.00424291 -0.0272694   -9.80896 
                35.3 0.0256419  0.120774   56.0642    18.5473    9.67379 -0.0139882  0.0122267  0.0553673 -0.0188287  0.00539096 -0.00765295   0.0038869 0.505006 0.639621 0.001001  6.58221e-05 -3.67217e-05  0.000188406   0.00724164  -0.00371179 -7.81592e-05 -0.00274658  -0.0158426    -9.80899 
                35.5 0.0702608  0.125004   54.7582    18.6885    9.84603 -0.0150266 -0.0325221  0.0424121 -0.0265291 0.00579606  -0.006826 0.00390581    0.581054    0.744577 -0.00198804 6.95005e-05 3.38433e-06 0.000597823  0.00450567  0.00475732 3.17302e-05 -0.00966223 -0.00100703      -9.809 
                35.7 -0.00273826    0.104167     53.7987    18.7616     9.9617 -0.0145178 0.00203976  0.0471674  -0.012601  0.00566117 -0.00696761  0.00392883     0.469324     0.709011 -0.000996121  8.59624e-05 -9.20473e-06  0.000174605   0.00564865   -0.0018091 -3.97415e-05 -0.00616856  -0.0127578    -9.80899 
                35.8 0.00902082  0.0550006    54.3944    18.7747     9.9924 -0.0164433  0.0480629   0.061249 -0.0136055  0.00577536 -0.00612983  0.00395459    0.357765    0.614582 -0.00547937  4.49231e-05 -2.51557e-05  0.000189467  0.00875242   -0.010249 0.000132017 0.00117235 -0.0277707   -9.80896 
                  36 0.00505915   0.107924    55.5847    18.8656    10.1451 -0.0180341   0.0225044   0.0547869 -0.00750164  0.00560412 -0.00698944  0.00398277    0.377778    0.687798 -0.00736469  6.34246e-05 -3.98058e-05 -1.24796e-05  0.00725094 -0.00556066 0.000168738 -0.00247547   -0.019372    -9.80898 
                36.1 -0.0496473  0.0950376    57.1789   18.8891   10.1867 -0.015236  0.0519431  0.0714931 -0.0258577  0.00547576 -0.00628634  0.00397837    0.310279    0.604098 0.000179625  8.40831e-05 -6.32037e-05  0.000432784    0.0107542   -0.0112268 -0.000153323 0.00500919 -0.0288757   -9.80896 
                36.3 0.0421347 0.0954549    58.873    18.9667    10.3321 -0.0169054  0.0245414  0.0589524 -0.0124658 0.00550631 -0.0070108 0.00398884    0.356337    0.677408 -0.00357723  4.30658e-05 -3.11356e-05  9.07342e-05   0.00810524  -0.00592232 -1.69109e-05 -0.000993157   -0.0199126     -9.80898 
                36.4 -0.0133277   0.088365    60.0038     19.006    10.4011 -0.0168409 0.0302046 0.0650054 -0.014991  0.00547719 -0.00700188  0.00398927    0.346879    0.654553 -0.00260338  7.88913e-05 -3.55084e-05  0.000300577   0.00932561  -0.00700173 -5.51472e-05 0.00147765 -0.0215479   -9.80898 
                36.5 0.0369053  0.112868   60.8473    19.0445    10.4653 -0.0171325  0.0175585  0.0627464 -0.0124263  0.00550886 -0.00699016  0.00399762    0.390007     0.66765 -0.00281325  5.57019e-05 -4.54975e-05  0.000218627   0.00882093  -0.00455315 -5.18943e-05 -0.000116522   -0.0172645     -9.80898 
                36.7 0.0657991  0.204735   61.0843    19.1597    10.6538 -0.0173436  -0.0308756   0.0455445 -0.00705882  0.00568277 -0.00663407   0.0040967    0.472586    0.777965 -0.00191082  6.64856e-05 -8.61233e-05  0.000213505   0.00532003   0.00471008 -8.36151e-05 -0.00920388 -0.00151117      -9.809 
                36.8 0.0551857 0.0649433   61.1294     19.182    10.7046 -0.0192537  0.00528183   0.0512884 -0.00272925  0.00549228 -0.00698056  0.00415041    0.424677     0.69793 -0.00561302 5.26058e-05 6.73617e-06 0.000177027  0.00655001 -0.00224255 7.31571e-05 -0.00483186   -0.013697    -9.80899 
                  37 0.0709678  0.112773   60.6411    19.2929     10.867 -0.0196613  -0.0151908   0.0434836 -0.00584413  0.00557479 -0.00668825  0.00415969    0.544942    0.692933 -0.00415399   5.2684e-05 -2.60059e-05  0.000362817  0.00497237   0.0016723 1.37803e-05 -0.00890876 -0.00711977    -9.80899 
                37.1 0.0285763 0.0881417   58.2616    19.3219    10.8988 -0.0199111 0.0235004 0.0552375 0.0157271  0.00534996 -0.00746169  0.00416325    0.522807    0.566331 -0.00380547 6.24291e-05 2.62184e-05 0.000213239  0.00739051 -0.00570481 3.97789e-06 -0.00228834  -0.0197124    -9.80898 
                37.3 0.0755622 0.0893467   54.6086    19.4666    11.0219 -0.0210916  -0.0033504   0.0539203 -0.00414932  0.00608205 -0.00601334  0.00418115    0.704352    0.500726 -0.00512897 3.27018e-05 3.97088e-06  0.00113814   0.00700269 -0.000494494  1.59971e-05  -0.004414 -0.0104676   -9.80899 
                37.5 -0.0463122  0.0670859    48.5048    19.5922    11.0923 -0.0207065 0.0150854 0.0586453 0.0259895  0.00603863 -0.00674933  0.00418706    0.711103    0.373209 -0.00265862 9.55443e-05 3.30978e-05 0.000675028   0.00809719  -0.00376081 -9.17568e-05 -0.00176879  -0.0163424    -9.80899 
                37.6 -0.0873751    0.12437    42.5326    19.6214    11.1097 -0.0199558 0.0505112 0.0549537  0.100445  0.00626781 -0.00720775   0.0041466     0.594629     0.295999 -8.06942e-05  0.000110813  2.68403e-05 -0.000650849   0.00837141   -0.0100784 -0.000157458 -0.0014183  -0.028213   -9.80896 
                37.8 -0.0109307   0.119092    36.8461   19.7888   11.1868 -0.020564 0.0220461  0.055576 0.0429926  0.00633722 -0.00517507  0.00419098    0.723761    0.325012 -0.00128034  5.68541e-05 -9.22874e-06  0.000728747   0.00713183  -0.00532702 -0.000142189 -0.00190782  -0.0190932    -9.80898 
                37.9 -0.0358253   0.101221    33.0562    19.8493    11.2246 -0.0214537 0.0275414 0.0517212 0.0533671  0.00679274 -0.00494558  0.00419305    0.672831    0.336999 -0.00322873  7.19705e-05  1.07227e-05 -1.80203e-05   0.00684826  -0.00668917 -6.80939e-05 -0.00332571  -0.0210257    -9.80898 
                38.1 -0.0467717   0.154673    30.4835    20.0253    11.3167 -0.0193693 0.0145963 0.0490503 0.0275871 0.00606382 -0.0058894 0.00422728   0.761023   0.422298 0.00179546 7.80146e-05 -4.6112e-05 0.000486096   0.00505908  -0.00429956 -0.000282162 -0.00306625  -0.0165823    -9.80899 
                38.3 -0.0101838  0.0559272    29.7696    20.1439    11.3852 -0.0194658 0.0203003 0.0518201 0.0263649  0.00632822 -0.00445335   0.0042614   0.659279   0.439752 0.00166488 4.89711e-05 2.79356e-05  0.00020531   0.00646257   -0.0050753 -0.000244999 -0.00324249  -0.0185786    -9.80898 
                38.4 -0.0737498  0.0850746    30.6795    20.1849    11.4193 -0.0233916 0.0255303 0.0545299 0.0111218 0.00654627 -0.0030447 0.00425391    0.561642     0.42667 -0.00801013 8.44439e-05 3.86579e-06  0.00038883  0.00800083 -0.00557358 0.000118394 -0.00394462  -0.0201088    -9.80898 
                38.6 -0.0267985   0.132884    32.8939   20.3463    11.544 -0.024074 0.0188713 0.0490106 0.0378385  0.00653617 -0.00598409  0.00432422    0.670207    0.533557 -0.00598911  6.22417e-05  7.84911e-06 -0.000110722  0.00528777 -0.00484853 4.19624e-05 -0.0030127 -0.0173394   -9.80898 
                38.8 -0.0168343   0.092577    35.1823     20.469    11.6465 -0.0240928 0.0196583 0.0495859 0.0321646  0.00654177 -0.00584951  0.00432797     0.64109    0.529543 -0.00368535 5.76233e-05 2.93973e-05 7.10638e-05   0.00567875  -0.00512304 -5.25811e-05 -0.00322747  -0.0177654    -9.80898 
                38.9 -0.0526218   0.128003    36.9401    20.5019    11.6746 -0.0224023 0.0253724  0.053706 0.0116277  0.00642708 -0.00604281  0.00431655   0.546018   0.465446 0.00134346  7.74133e-05 -2.44691e-05  0.000338545   0.00769725   -0.0062698 -0.000246462 -0.00334179  -0.0206655    -9.80898 
                39.1 -0.00646254    0.124515     38.1941    20.6524    11.7964 -0.0240182 0.0165123 0.0494335 0.0241807  0.00642539 -0.00599911  0.00431954    0.654406    0.523932 -0.00257049 5.88555e-05 3.04082e-05 7.70222e-06   0.00563202  -0.00446054 -0.000102831 -0.00346129  -0.0168253    -9.80898 
                39.3 -0.0414706   0.118087    38.7018    20.7701    11.8914 -0.0238227 0.0215775 0.0514168 0.0227065  0.00639165 -0.00632714  0.00432487    0.613582    0.489594 -0.00128773 7.72877e-05 1.39016e-05 0.000167867   0.00656744   -0.0054352 -0.000152299 -0.0032681 -0.0188029   -9.80898 
                39.5 -0.0471851  0.0936475    38.7346    20.8546    11.9606 -0.0260724 0.0307625 0.0550478  0.025309   0.0063622 -0.00676186  0.00433338   0.540241   0.432133 -0.0056589 7.49318e-05  1.1784e-05 0.000158369  0.00810691 -0.00719763   -1.83e-05 -0.00269624  -0.0222967    -9.80897 
                39.6 -0.0164393   0.100651    38.6611    20.9191    12.0081 -0.0265939  0.026142  0.054318 0.0243994  0.00638141 -0.00669939  0.00433852    0.577571    0.451087 -0.00547265 5.93955e-05 1.34722e-05 0.000127126   0.00756905   -0.0062643 -2.54447e-05 -0.00268518  -0.0206479    -9.80898 
                39.8 0.0143896  0.135228   38.6157    21.0879    12.1379 -0.0270771 0.00942227  0.0485217  0.0233752  0.00638374 -0.00665895  0.00439143    0.704113    0.540497 -0.00381508 5.06208e-05 1.24951e-05 0.000156046   0.00498221  -0.00319338 -7.38204e-05 -0.00374903  -0.0145639    -9.80899 
                39.9 -0.0347527  0.0896227    38.6197     21.129    12.1688 -0.0263371  0.021694 0.0531367 0.0230139  0.00636836 -0.00653572  0.00441558     0.617143     0.473147 -0.000747165 7.36136e-05 2.94848e-05 0.000163077   0.00695193  -0.00538508 -0.000196076 -0.00285116  -0.0190119    -9.80898 
                  40 0.0144585  0.125754   38.6596    21.2197    12.2403 -0.0271116 0.0128818 0.0489648 0.0234173  0.00639564 -0.00665109  0.00443654    0.697047    0.502573 -0.00207108 4.73397e-05 1.66073e-05 0.000158448   0.00535643  -0.00387106 -0.000127638 -0.00377243  -0.0157639    -9.80899 
                40.2 0.0352146  0.134964   38.0934    21.3806    12.3556 -0.0275426 0.00337024  0.0446452  0.0221502  0.00646431 -0.00644292  0.00444925    0.783632    0.532132 -0.00292625 3.95413e-05 2.31908e-05  0.00034589   0.00364676  -0.00217868 -0.000125104 -0.00462159  -0.0122361    -9.80899 
                40.4 -0.0344175   0.118378    36.9088    21.4798    12.4197 -0.0260964 0.0213281 0.0503666 0.0407626  0.00631233 -0.00697628  0.00447612 0.671862 0.409855 0.001531 6.67152e-05 2.87344e-05 0.000202486   0.00643426   -0.0054976 -0.000291241 -0.00395899  -0.0186737    -9.80898 
                40.5 -0.0187862  0.0887491    35.2142    21.5053    12.4391 -0.0274074 0.0336695 0.0538459  0.061531  0.00622949 -0.00730819   0.0044894   0.542521   0.358956 -0.0011989  5.82397e-05  9.68778e-05 -0.000164929   0.00851063  -0.00788065 -0.000153516 -0.00386173  -0.0231317    -9.80897 
                40.6 -0.0317105   0.109989    33.9654      21.58    12.4844 -0.0272264 0.0294891 0.0532089 0.0562244  0.00627895 -0.00715149  0.00449774     0.585601     0.378796 -0.000593072 6.20952e-05 6.97477e-05  6.3434e-05    0.0078543  -0.00708232 -0.000177749 -0.00362908  -0.0217467    -9.80898 
                40.8 0.0263359  0.133525   33.3471    21.7564    12.5907 -0.0302215 0.0137008 0.0481111 0.0479687  0.00618675 -0.00747357  0.00456366    0.755422    0.470349 -0.00665244 2.74569e-05 2.13702e-05 0.000218771  0.00475698 -0.00443933 4.57344e-05 -0.00319575  -0.0163838    -9.80899 
                  41 -0.018097  0.118026   33.2371    21.8973    12.6826 -0.0294076  0.015592 0.0487973 0.0474049  0.00621822 -0.00729843  0.00456666    0.717533    0.477852 -0.00154012 4.98934e-05 5.48969e-05 0.000173725    0.0052058  -0.00478343 -0.000105233 -0.00328977  -0.0170674    -9.80898 
                41.1 -0.00570984    0.105191     33.6912    21.9207    12.7055 -0.0307858 0.0225317  0.051949 0.0397055  0.00628648 -0.00662885  0.00457544    0.580912    0.441005 -0.00468642 5.97518e-05  0.00020606 0.000202267   0.00707473  -0.00598598 -6.35463e-06 -0.00373537  -0.0196024    -9.80898 
                41.3 0.0222365  0.134663   34.8555    22.0841    12.8353 -0.0322607 0.0156868 0.0479804 0.0473881  0.00627399 -0.00782517  0.00460661   0.647636   0.567317 -0.0064579 5.31979e-05 0.000128271 -0.00013421  0.00505276 -0.00495347 2.01992e-05 -0.00363991     -0.0169    -9.80898 
                41.4 -0.020649 0.0843223   36.7875    22.1152    12.8645 -0.0306497 0.0216154 0.0523971 0.0257303  0.00617969 -0.00721809  0.00462752     0.520529     0.535012 -0.000621309 7.26551e-05 0.000153817 0.000251288   0.00715189  -0.00596385 -0.000184702 -0.00339003  -0.0196706    -9.80898 
                41.6 0.0411658  0.113724   39.7461    22.2266    13.0005 -0.0325547 0.0171984 0.0484955  0.043225  0.00638096 -0.00834647  0.00464018     0.47621    0.674294 -0.00448428  3.82466e-05   0.00014581 -0.000385395   0.00561825  -0.00523753 -4.72587e-05 -0.00416842  -0.0175069    -9.80898 
                41.7 0.0657809 0.0727279   44.1115    22.2537    13.0523 -0.0285419  0.0220206  0.0526137 0.00666271  0.00635389 -0.00757713  0.00464874   0.346497   0.664766 0.00743397 2.64347e-05 0.000155379 0.000317736  0.00742838  -0.0070436 -0.00048437 -0.00314033  -0.0206218    -9.80898 
                41.9 0.0341145  0.104675   50.0866    22.3339     13.229 -0.0276513 0.00972673  0.0453708  0.0544076 0.00640261 -0.0101755 0.00467819   0.275995    0.79878 0.00528652  5.49596e-05  0.000143686 -0.000834215   0.00509733    -0.004824 -0.000432934  -0.005721 -0.0159156   -9.80899 
                  42 0.0467163 0.0781642   56.8965     22.349    13.2768 -0.0300753    0.025838   0.0574622 -0.00492737  0.00639791 -0.00944647  0.00467826   0.206054   0.715927 -0.0014251 4.88933e-05  0.00014171 0.000427074   0.00794687  -0.00650303 -0.000152433 -0.00112479   -0.020394    -9.80898 
                42.2 0.0584681 0.0738012    62.467   22.3874   13.4391 -0.030125 0.0176015 0.0487386 0.0239388 0.00640742 -0.0102198  0.0046782      0.1753    0.765941 -0.00128469  4.77233e-05  0.000153631 -0.000414374  0.00594525 -0.00500565 -0.00017214 -0.00476023  -0.0178272    -9.80898 
                42.3  0.060258 0.0431576   67.1464    22.4026    13.4844 -0.0301128  0.0336037  0.0686273 -0.0167793 0.00700161 -0.0107098 0.00468689    0.164085    0.664561 -0.00115769 4.68489e-05 0.000142558 0.000772437     0.010292  -0.00825784 -0.000171689 0.00359786 -0.0223403   -9.80897 
                42.4 0.0704216  0.080725   70.6333   22.4273   13.5769 -0.034334  0.0166332   0.055828 0.00501246 0.00662891 -0.0104685 0.00470743    0.19749   0.729827 -0.0121936 5.01373e-05 0.000133164 0.000111698  0.00728701 -0.00377305 0.000243843 -0.00288504  -0.0164288    -9.80899 
                42.6  0.140152 0.0874755   72.6857    22.4839    13.7809 -0.0335127 -0.0187166  0.0288181    0.02561  0.00608944 -0.00958376  0.00472644    0.242102    0.843712 -0.00522547  2.58928e-05  0.000154918 -0.000240257   0.00191276   0.00328291 -1.49015e-05  -0.0153754 -0.00650303    -9.80899 
                42.8 0.0696599 0.0605964   73.3741    22.5188     13.886 -0.0311998 0.0150935  0.053186 0.0292933 0.00632586 -0.0113003 0.00474012   0.227624   0.648253 0.00197756 5.14937e-05 0.000149745 0.000129139   0.00679632  -0.00347751 -0.000277267 -0.00373523  -0.0158391    -9.80899 
                42.9 0.0826071 0.0736307   73.3166     22.535     13.937 -0.0315052 0.0286186 0.0565733 0.0333429 0.00620544 -0.0116296 0.00473852   0.221736   0.525529 0.00113325 4.58416e-05 0.000160047  0.00010571    0.0073842  -0.00623441 -0.000239621 -0.0012692 -0.0202109   -9.80898 
                43.1  0.125397 0.0683532   71.9798    22.6079    14.0941 -0.0290923 -0.00444527   0.0413805   0.0175082 0.00647145 -0.0105934  0.0047413   0.314538    0.71414 0.00543547 1.62093e-05 6.13641e-05 0.000473623  0.00469901 0.000589761 -0.00036889 -0.00958562  -0.0101438    -9.80899 
                43.3 0.0655695 0.0425763     70.24    22.6369    14.1992 -0.0309154 0.0272554 0.0477665 0.0437352 0.00630884 -0.0107274  0.0047587    0.225025    0.707076 0.000100717 6.70868e-05 0.000162205 3.59654e-05    0.0055338   -0.0059512 -0.000189311 -0.00453683  -0.0206695    -9.80898 
                43.4 0.0782816 0.0860888   69.8641    22.6606    14.2679 -0.0313421 0.0340807 0.0555706 0.0471676 0.00621723 -0.0105892 0.00475378     0.181821     0.692108 -0.000853715 4.75148e-05 0.000148289 0.000244511   0.00705284  -0.00726602 -0.000150856 -0.00122576  -0.0221981    -9.80897 
                43.6  0.120162 0.0618649   71.0252    22.7007    14.4431 -0.0304349 0.00468213  0.0430735  0.0569753  0.0061324 -0.0118116 0.00475128  0.111313  0.802383 0.0015339 4.20823e-05 0.000139848 0.000153056   0.00452239  -0.00161978 -0.000234692 -0.008408 -0.013552  -9.80899 
                43.7  0.107302 0.0417524   74.4354    22.7128    14.5127 -0.0300132 0.00771265  0.0528787  0.0551489 0.00578221 -0.0114922 0.00475151  0.0506818   0.786249 0.00255843 4.81307e-05 0.000143593 0.000430587   0.00637698  -0.00223272 -0.000251454 -0.00482961  -0.0136559    -9.80899 
                43.9  0.154004 0.0468392   79.2256    22.7101     14.691 -0.0305492 -0.008581 0.0413651 0.0713841 0.00585747 -0.0130298 0.00477777   -0.106076    0.832731 0.000581246  3.10214e-05  0.000137122 -0.000705302   0.00421582   0.00111977 -0.000158416  -0.0103843 -0.00912008    -9.80899 
                  44   0.110941 -0.0460471    84.8969     22.696    14.7128 -0.0293116  0.0342164  0.0854089 -0.0244663 0.00546564 -0.0110071 0.00485233  -0.213143   0.603261 0.00345557 3.73485e-05 0.000143789 0.000870962    0.0125564  -0.00812734 -0.000290633 0.00913449 -0.0197764   -9.80898 
                44.1  0.162268 0.0212089   92.2323     22.664    14.7877 -0.0310042   0.0311761   0.0655971 0.000334938 0.00631911 -0.0122173 0.00486057   -0.271134    0.664614 -0.00210424 -4.24104e-06  0.000110514 -0.000475392   0.00847851  -0.00639152 -0.000102373 0.00158987 -0.0200973   -9.80898 
                44.3    0.130807 0.000257311     98.2364    22.5771    14.9401 -0.0318335 0.0272992 0.0432181 0.0270194 0.00693094 -0.0133355 0.00487134   -0.432539    0.630021 -0.00229599 9.61535e-06 0.000134385 -0.00119296  0.00404654  -0.0052595 -8.3208e-05 -0.00652885  -0.0212518    -9.80897 
                44.4   0.153538 -0.0715803    105.446   22.5621    14.962 -0.029738  0.0369256  0.0946056 -0.0324234 0.00782651 -0.0132405 0.00486665  -0.408468   0.509491 0.00389809 1.19118e-06 0.000130009  0.00069021   0.0142576 -0.00891857 -0.00027614   0.012497 -0.0192373   -9.80897 
                44.6    0.174542 -0.00243049     112.319     22.441    15.1062 -0.0290463  0.013893 0.0424998 0.0221663 0.00751823 -0.0146682 0.00487242  -0.541671   0.535542 0.00354348 -7.85482e-06  0.000107312 -0.000965655  0.00415613 -0.00288192 -0.00026511 -0.0082714 -0.0175321   -9.80898 
                44.7  0.172761 -0.106074   119.269    22.4084    15.1435 -0.0329984  0.0180992  0.0735507 0.00164605 0.00796404 -0.0147641 0.00489009   -0.507678     0.47713 -0.00733573 -7.95299e-06  0.000139695  0.000397961   0.0100081 -0.00322672 0.000144028 0.00203277 -0.0140227   -9.80899 
                44.8   0.204586 -0.0356945    124.131    22.3381    15.2156 -0.0320457 -0.00254512   0.0357239   0.0261287 0.00763506 -0.0149747 0.00493707    -0.57017     0.52249 -0.00299898 -2.41656e-05  0.000112107 -0.000460329   0.00315299   0.00183539 -1.23755e-05 -0.0132032 -0.0119684   -9.80898 
                  45    0.219528 -0.00606379     128.595   22.1862   15.3519 -0.031789 -0.0260522 -0.0227634   0.050387 0.00728596 -0.0151578  0.0049981    -0.691678     0.555985 -0.000941159 -2.78229e-05  0.000125278  -0.00102487  -0.00774156   0.00823551 -7.52794e-05 -0.0358312 -0.0117022   -9.80893 
                45.1 0.185575 -0.11269  132.549    22.1634    15.3657 -0.0315191 7.85061e-05    0.057438    0.036498 0.00793388 -0.0172497 0.00504513   -0.564255    0.449397 6.44058e-05  -1.3617e-05  0.000129445 -2.07019e-05   0.00736708  0.000498924 -0.000117075  -0.0055825 -0.00989375    -9.80899 
                45.3  0.181838 -0.051878   135.985    22.0082     15.485 -0.0324988 -0.0123966 0.00413311  0.0413245 0.00795289 -0.0171653  0.0050919   -0.636735    0.517775 -0.00157769 -1.45699e-05  0.000120419 -0.000776141   -0.0028249   0.00493095 -5.56284e-05 -0.0251305 -0.0127034   -9.80896 
                45.4  0.183196 -0.124768   137.704   21.9792   15.5146 -0.032162 0.00174257  0.0579806  0.0498523 0.00795419 -0.0184544 0.00511272   -0.523398    0.475502 -0.00121846  -1.7089e-05   0.00012219 -6.02581e-05   0.00737888  0.000158628 -0.000106041 -0.00526383  -0.0102391    -9.80899 
                45.6   0.222818 -0.0629285    138.133     21.846    15.6395 -0.0324188 -0.015386 0.0149541 0.0348277  0.0082107 -0.0175146 0.00515143   -0.560797    0.573843 -0.00137179 -3.78307e-05  0.000118749 -6.03834e-05 -0.000551831   0.00529511  -0.00010732 -0.0219678 -0.0101959   -9.80897 
                45.8   0.200985 -0.0935599    137.149    21.7488     15.741 -0.0331414 -0.00317371   0.0355129   0.0502542  0.0079551 -0.0179605  0.0051551   -0.507131    0.549469 -0.00246692 -2.85682e-05  0.000118731  3.48348e-05   0.00309026   0.00204989 -7.95162e-05 -0.0134528 -0.0115249   -9.80898 
                45.9   0.17683 -0.129859   135.852    21.7207      15.77 -0.0325954 0.0196948 0.0678652 0.0788653  0.0075171 -0.0181645 0.00516808   -0.437251    0.487531 -0.00135587 -2.33032e-05  0.000110365 -0.000175148   0.00873672  -0.00338855 -0.000162905 0.000302728   -0.014464    -9.80899 
                46.1   0.245543 -0.0459168    134.648    21.5794    15.8908 -0.0324196 0.0088097   0.01055 0.0440477 0.00792289 -0.0176814 0.00522255    -0.57193    0.528975 0.000823898 -6.62431e-05  0.000110545  0.000129675  -0.00212261  0.000293434 -0.000188024 -0.0198292 -0.0190095   -9.80896 
                46.2   0.221813 -0.0613727     134.24     21.529    15.9473 -0.0326076 0.00497581  0.0215208   0.047892  0.0077216 -0.0176467 0.00522151    -0.548199     0.526736 -0.000492968 -4.21101e-05  0.000109062 -5.78249e-05 9.54476e-05 0.000775758 -0.00016289 -0.0168414  -0.016202   -9.80897 
                46.4   0.253985 -0.0298631     134.47    21.3913    16.0843 -0.0300537 -0.0213837 -0.0146953  0.0310896 0.00808481 -0.0186569 0.00523835  -0.628669   0.608752 0.00476936 -4.91186e-05  0.000144326 -0.000104278  -0.00631007   0.00686162 -0.000348382 -0.0323389 -0.0127582   -9.80894 
                46.6   0.241069 -0.0515523    134.867    21.2851    16.1828 -0.0317846 -0.00629638  0.00278048   0.0353733 0.00794304 -0.0182064 0.00524856    -0.585114     0.570547 -0.000413358 -4.97501e-05    0.0001324 -8.76308e-05  -0.00324447   0.00349838 -0.000161957 -0.0245232 -0.0151599   -9.80896 
                46.8  0.182315 -0.100132   134.924    21.2068    16.2521 -0.0322218 0.0214775 0.0423166 0.0478163 0.00756647 -0.0177665 0.00527971   -0.483392    0.477648 -0.00153676 -2.78833e-05  0.000122878 -4.62421e-05   0.00380369  -0.00302456 -0.000163525 -0.00772951  -0.0186937    -9.80898 
                46.9   0.207239 -0.0966516    134.711    21.1741    16.2894 -0.0320932  0.027492 0.0599757 0.0556151 0.00739196 -0.0177563 0.00527818    -0.440614     0.441281 -0.000998243 -4.38055e-05  0.000106322 -8.08105e-05   0.00712787  -0.00468637 -0.000189691 -0.0011234 -0.0181894   -9.80898 
                47.1  0.271962 -0.011802   134.521    21.0395    16.4192 -0.0346498 0.0039587 0.0134074 0.0322787 0.00788454 -0.0178175 0.00536778   -0.550837    0.546432 -0.00568424 -7.45608e-05  9.13212e-05 -2.49957e-05 -0.00138421  0.00114012  1.2864e-05 -0.0195307 -0.0170416   -9.80897 
                47.2    0.21308 -0.0671987    134.522   20.9962   16.4573 -0.033037 0.0157248  0.026754  0.038682 0.00773341 -0.0176698 0.00537827   -0.516268    0.505119 0.000531196 -4.39213e-05  0.000112991 -3.37739e-05  0.000931237  -0.00147242 -0.000195195 -0.0135716 -0.0189657   -9.80897 
                47.4   0.234252 -0.0217021    134.335    20.8665    16.5658 -0.0331245  0.013769 0.0026564 0.0295319 0.00798099 -0.0176653 0.00539095   -0.582822    0.529734 0.000254313 -5.77863e-05  0.000101536  1.04521e-05  -0.00374697 -0.000464948 -0.000186489  -0.021668 -0.0216849   -9.80895 
                47.5   0.234495 -0.0689598      134.3    20.8244    16.6012 -0.0335701 0.0301237 0.0319248 0.0419895 0.00765207 -0.0174189 0.00541203    -0.506194     0.455547 -0.000502919  -6.4781e-05  0.000117287 -1.60265e-06   0.00158476  -0.00449792 -0.000157386 -0.00985912  -0.0229792    -9.80897 
                47.7   0.230377 -0.0208714    134.219    20.6974    16.7124 -0.0317314  0.0186964 0.00428153  0.0300873 0.00795888 -0.0175875 0.00543468  -0.580751   0.513695 0.00347856 -5.72258e-05  9.98414e-05  2.17662e-05  -0.00358556  -0.00144672 -0.000304173 -0.0204858 -0.0230392   -9.80895 
                47.8  0.230935 -0.038022   134.208    20.6482    16.7634 -0.0316687 0.0163361 0.0100056 0.0315987  0.0078863 -0.0176055  0.0054356  -0.559994   0.516062 0.00240153 -5.68761e-05  0.000107638  2.57541e-05  -0.00239806   -0.0011224 -0.000278046 -0.0189573 -0.0214737   -9.80896 
                  48  0.240257 0.0125334   134.133    20.4957    16.9016 -0.0311781 0.00347267 -0.0246472  0.0175638 0.00826118 -0.0177709 0.00547112  -0.625033   0.624694 0.00288549 -5.76921e-05  9.20208e-05   5.3339e-05  -0.00895156   0.00233656 -0.000281499 -0.0320507 -0.0220772   -9.80892 
                48.1   0.224767 -0.0476919    133.483    20.4735    16.9541 -0.0310998 0.00763099  0.0133693  0.0347028 0.00794433 -0.0179055 0.00549989  -0.472639   0.601836 0.00170227 -5.18196e-05  0.000117334  6.03762e-06 -0.00149229 0.000540935 -0.00025412 -0.0190775 -0.0181683   -9.80896 
                48.3    0.23755 -0.0197701    131.627    20.3783    17.0818 -0.0310788 0.00114895   0.005076  0.0265238  0.0080158 -0.0176688 0.00550219   -0.472693    0.648786 0.000362549 -5.58782e-05  0.000103201  0.000295811  -0.00299233   0.00206096 -0.000236671 -0.0226921 -0.0171747   -9.80896 
                48.4   0.217858 -0.0360843    129.888    20.3456    17.1276 -0.0316272 0.0122145 0.0225856 0.0480801  0.0078243 -0.0177865 0.00550461   -0.420553    0.588291 -0.00105326 -4.75093e-05  0.000114085 -6.02672e-05  0.000252749 -0.000708561 -0.000182005 -0.0153878 -0.0185054   -9.80897 
                48.6   0.238763 0.00102154    128.426    20.2385    17.2647 -0.0306239 0.00331295 0.00359422  0.0294506 0.00798197 -0.0176488 0.00551848  -0.498723   0.626444 0.00181411 -5.7264e-05  0.00010298 0.000246225  -0.00334025   0.00157108 -0.000277019 -0.0228364 -0.0181192   -9.80896 
                48.7   0.243826 -0.0478022    127.951    20.2023    17.3119 -0.0333369 0.0119777  0.020319 0.0402052 0.00769962 -0.0171907 0.00552962   -0.463713    0.561074 -0.00514302 -6.18647e-05  0.000120391  5.91695e-05 -0.000189679 -0.000627392  -1.5369e-05 -0.0161547 -0.0187817   -9.80897 
                48.9   0.252922 0.00425668    128.357    20.0761    17.4418 -0.0312546   0.00494336 -3.23371e-05    0.0340044 0.00818065 -0.0179533 0.00555571   -0.58855    0.56207 0.00143144 -6.48604e-05  0.000101887  1.58054e-05  -0.00409663   0.00109607 -0.000249837 -0.0237035 -0.0193051   -9.80895 
                49.1   0.209776 -0.0355844    129.917    19.9806    17.5296 -0.0318208 0.00842908   0.015791  0.0295177 0.00777044 -0.0173829 0.00555523   -0.598753    0.456705 0.000281337 -4.23763e-05  0.000115795  0.000217403  -0.00102238  0.000224334 -0.000183428 -0.0181373  -0.018206   -9.80897 
                49.2   0.217674 -0.0439064    134.027    19.9175    17.5729 -0.0315875 0.00912341  0.0172444  0.0279466 0.00774585 -0.0172914 0.00555533  -0.633872   0.399984 0.00145439 -4.91884e-05  0.000110868   0.00038784 -0.00074345 2.35174e-05 -0.00019848 -0.0175539 -0.0182613   -9.80897 
                49.4   0.223726 -0.0370623    138.189    19.7556    17.6628 -0.0296285  0.00307934 -0.00429146   0.0502738 0.00850702 -0.0190648 0.00556475  -0.753144   0.380709 0.00499417 -5.19446e-05  0.000104761 -0.000286591  -0.00495326   0.00139627 -0.000330232 -0.0252917 -0.0195719   -9.80895 
                49.5   0.206686 -0.0918225    142.621    19.7088    17.6917 -0.0312663 0.00530968  0.0182132   0.019871 0.00834089 -0.0187786 0.00557868    -0.677065       0.3211 -0.000538199 -4.4301e-05 0.000117854 0.000571951 -0.000499965  0.000934183 -0.000122687  -0.017905 -0.0166779   -9.80897 
                49.6  0.265788 -0.104072   146.245   19.6209   17.7268 -0.030567 0.00562244 0.00661379  0.0323502 0.00847209 -0.0190495 0.00556819  -0.733032   0.302782 0.00170975 -8.50521e-05  0.000121945   0.00016559  -0.00291196   0.00113063 -0.000202127 -0.0216534 -0.0185343   -9.80896 
                49.8  0.206646 -0.083341   150.375    19.4391    17.7999 -0.0281634 -0.00219451  -0.0235723   0.0576003 0.00855341 -0.0201676 0.00561928  -0.738421   0.287239 0.00571141 -5.17075e-05  0.000114899 -0.000703719  -0.00880643   0.00348101 -0.000370186  -0.032516 -0.0205973   -9.80892 
                49.9 0.226167 -0.13827  153.323    19.4134    17.8137 -0.0298125 0.00204269 0.00960275  0.0346303 0.00902383 -0.0214013 0.00563808    -0.537806     0.224384 -0.000570537 -6.48389e-05  0.000123085  5.28117e-05    -0.002309   0.00174328 -0.000176836 -0.0213659 -0.0168563   -9.80896 
                50.1   0.193196 -0.0979663    155.224    19.2683    17.8645 -0.0301003 0.00106631  -0.006799  0.0432469 0.00888636  -0.020965 0.00566431    -0.712784     0.246222 -0.000315391  -4.8759e-05  0.000104049 -0.000395982  -0.0056809  0.00274546 -0.00015496 -0.0269537 -0.0189043   -9.80894 
                50.2  0.222506 -0.157727   157.138    19.2264    17.8768 -0.0308626 0.00735166   0.017047  0.0436173  0.0088427 -0.0218316  0.0056852   -0.684736    0.253684 -0.00169947 -6.79393e-05   0.00011273 -1.62202e-06   -0.0011091  0.000277802 -0.000111346 -0.0182525 -0.0174657   -9.80897 
                50.4  0.178868 -0.101048   158.497     19.042    17.9407 -0.0297241  0.00265263 -0.00939245   0.0355295 0.00901816 -0.0215343 0.00574049  -0.811071   0.283442 0.00207464 -4.68427e-05  0.000104136 -0.000224874  -0.00651275   0.00262975 -0.000233783 -0.0277593 -0.0199396   -9.80894 
                50.5  0.190426 -0.156542   159.158    19.0049    17.9518 -0.0288827 0.0116269 0.0226177  0.055794  0.0086994 -0.0222546 0.00576905  -0.675151    0.23302 0.00333392 -5.58243e-05  0.000114589  3.55053e-05 -0.000286674 -0.000805402 -0.000258564 -0.0159563 -0.0179469   -9.80897 
                50.7  0.188873 -0.111538   159.919    18.8172    18.0138 -0.0280539  0.00424436 -0.00620109   0.0389247 0.00904785 -0.0221601 0.00580759 -0.803449  0.260913 0.0038058 -5.49842e-05   0.00010466  -0.00012014  -0.00590531   0.00214549 -0.000291399 -0.0264467 -0.0200068   -9.80894 
                50.8  0.186789 -0.148865   160.613    18.7765    18.0253 -0.0289366 0.0126798 0.0186411 0.0473355 0.00873336 -0.0222151 0.00582214    -0.68521     0.23414 0.000653329 -5.66325e-05  0.000114497   4.9046e-05  -0.00111065 -0.000744622 -0.000176741 -0.0170954 -0.0187769   -9.80897 
                  51  0.244042 -0.140691   160.741    18.5856    18.0914 -0.0264288  0.00582568 -0.00624355   0.0362964 0.00902425 -0.0220657 0.00582411  -0.790544   0.287952 0.00570882 -8.86693e-05  0.000110797  3.80931e-05 -0.00600644  0.00189504 -0.00035275 -0.0262529 -0.0204837   -9.80894 
                51.1  0.210302 -0.153084   160.431   18.5502   18.1055 -0.028377 0.0131744  0.018638 0.0527996  0.0087399 -0.0223255 0.00582512   -0.669553    0.262551 -0.00133253 -6.93447e-05  0.000117476  2.42332e-05  -0.00118469 -0.000902851 -0.000130207 -0.0170464 -0.0190019   -9.80897 
                51.3  0.214911 -0.141601   159.902     18.405    18.1604 -0.0276437 0.0107765 0.0112219 0.0467351 0.00882604 -0.0222086 0.00582829   -0.708129    0.262256 0.000256205 -7.05593e-05    0.0001145  8.54777e-05  -0.00262243 -1.08608e-05 -0.000208994 -0.0198358 -0.0193665   -9.80896 
                51.4   0.21797 -0.154705   159.726    18.3563    18.1804 -0.0269501 0.0137207 0.0222567 0.0544944  0.0086884 -0.0221546 0.00582993  -0.652726    0.24936 0.00168854 -7.14975e-05  0.000110917  3.70843e-05 -0.000418548  -0.00102478  -0.00027215 -0.0158537 -0.0184636   -9.80897 
                51.6   0.19315 -0.100593   159.737    18.1693    18.2463 -0.0270386   0.0061035 -0.00497593   0.0376454 0.00904034 -0.0224817 0.00588584  -0.785643   0.288056 0.00105159 -5.69657e-05   0.00011472    3.935e-05 -0.00582819  0.00158157 -0.00024049 -0.0257367 -0.0205317   -9.80894 
                51.7  0.188902 -0.142338   159.725    18.1148    18.2625 -0.0272164 0.0134495 0.0101693 0.0455508 0.00886828 -0.0222564 0.00589937   -0.711477    0.245907 0.000620321 -5.73104e-05  0.000122486   4.1933e-05  -0.00290714 -0.000536785 -0.000215649 -0.0197049 -0.0203791   -9.80896 
                51.9  0.200486 -0.112672   159.812    17.9231    18.3306 -0.0261365 0.00502464 -0.0121593  0.0336034 0.00913211 -0.0225525 0.00591727  -0.827467   0.286344 0.00293262 -6.13395e-05  0.000119072   1.1455e-05  -0.00729964   0.00211245 -0.000286571 -0.0282056 -0.0213325   -9.80894 
                  52  0.189808 -0.147215   160.037    17.8754    18.3452 -0.0266191  0.0122048 0.00876543    0.04153 0.00888298 -0.0223286 0.00593401   -0.724939    0.229965 0.000444552 -5.69372e-05  0.000126599  5.88091e-05  -0.00320678 -0.000216974 -0.000220383 -0.0204086   -0.02024   -9.80896 
                52.2  0.215958 -0.134642   160.592    17.7196    18.3901 -0.0259797  0.0110577 0.00168788  0.0395282 0.00898694 -0.0224595 0.00593632  -0.766316   0.227185 0.00176105 -7.38611e-05  0.000122744 -2.24369e-05    -0.004658  0.000298925 -0.000262649 -0.0228473 -0.0210298   -9.80895 
                52.3  0.159451 -0.165957   161.368    17.6782    18.4092 -0.0261153 0.0136591 0.0217908 0.0409369 0.00870455 -0.0222253 0.00594072   -0.658428    0.209043 0.000247456 -3.99164e-05  0.000125728  0.000125727  -0.00049219  -0.00103708 -0.000235414 -0.0160211 -0.0185705   -9.80897 
                52.5  0.197912 -0.112735   161.947    17.4934    18.4657 -0.0260886  0.00782188 -0.00185928   0.0348635 0.00900095 -0.0225467 0.00599189 -0.781341  0.251112  0.001233 -6.33987e-05  0.000108417 -1.19864e-05  -0.00527699   0.00123823 -0.000231215 -0.0245406 -0.0204984   -9.80895 
                52.6  0.195934 -0.164311   162.115    17.444   18.4783 -0.024838 0.0154232  0.017785 0.0432081 0.00876806  -0.022683 0.00601432  -0.671248   0.210634 0.00319329 -6.42795e-05  0.000127139   6.9599e-05  -0.00141849  -0.00122493 -0.000343635 -0.0170438 -0.0197585   -9.80897 
                52.8  0.190037 -0.124138   162.158    17.2727    18.5333 -0.0247583  0.00988159 0.000878287   0.0338907 0.00896658 -0.0225519 0.00603811  -0.764155     0.2437 0.00222435 -5.91033e-05  0.000112727  4.68514e-05  -0.00479531  0.000716333 -0.000308771 -0.0233519 -0.0207033   -9.80895 
                52.9  0.186275 -0.142195   162.162    17.2069    18.5548 -0.0246133  0.0119068 0.00675525  0.0375926  0.0088952 -0.0225711 0.00603994  -0.723909   0.250789 0.00203621 -5.70468e-05  0.000116576  4.23811e-05    -0.003605  2.42168e-05 -0.000302776 -0.0211332 -0.0203912   -9.80896 
                53.1 0.169843 -0.12488  161.844    17.0131    18.6228 -0.0239279 0.00438558 -0.0127105  0.0238555 0.00914214 -0.0223753 0.00605191  -0.844072   0.278664 0.00290438 -4.34255e-05  0.000135329  0.000120782  -0.00750572   0.00249368 -0.000315865 -0.0285991 -0.0211502   -9.80894 
                53.2  0.219288 -0.152898   161.712    16.9635    18.6336 -0.0243627  0.0124605 0.00432242  0.0368678 0.00893364  -0.022285 0.00606266   -0.743639    0.232997 0.000663038 -7.68503e-05   0.00012861  4.70448e-05  -0.00418024  1.01997e-05 -0.000254824 -0.0218525 -0.0209807   -9.80895 
                53.4  0.227962 -0.134894   161.851    16.7663    18.6997 -0.0220755 0.00621914 -0.0104789  0.0287628 0.00910013 -0.0225247 0.00607503  -0.833836   0.271684 0.00561392 -7.9048e-05   0.0001295 4.20028e-05  -0.00713723   0.00197535 -0.000403481 -0.0275974 -0.0214084   -9.80894 
                53.6  0.193113 -0.148289   161.825    16.6665    18.7258 -0.0234971  0.0130196 0.00783254  0.0373948 0.00888372 -0.0223394 0.00607834   -0.721033    0.186047 0.000331866 -6.04818e-05  0.000139067  5.27694e-05  -0.00343049 -0.000236988  -0.00024191 -0.0206555 -0.0205804   -9.80896 
                53.7  0.202701 -0.161448   162.702     16.601    18.7458 -0.0234916  0.0126722 0.00955793   0.037611 0.00884618  -0.022311 0.00607923   -0.709794    0.207002 0.000292236 -6.66932e-05  0.000142976  8.91273e-05  -0.00304445 -0.000223902   -0.0002399 -0.0201694 -0.0201837   -9.80896 
                53.9  0.220408 -0.124307   163.299     16.395    18.8066 -0.0222662  0.00671708 -0.00937274   0.0352041 0.00907333 -0.0228427 0.00613362 -0.835355  0.257782 0.0030467 -7.26592e-05  0.000132822  2.04877e-05  -0.00690902   0.00180987 -0.000315655 -0.0271286 -0.0214048   -9.80894 
                54.1  0.192323 -0.144876   163.348    16.2826    18.8456 -0.0224506 0.0109316 0.0025747 0.0400026 0.00893032 -0.0229302 0.00613816  -0.727661   0.293538 0.00163345 -5.66858e-05  0.000149016  7.69355e-05  -0.00447688  0.000381224 -0.000271467 -0.0226451 -0.0208091   -9.80895 
                54.2   0.18753 -0.155142   162.485     16.233    18.8683 -0.0237531 0.0154385  0.015694  0.055765 0.00875427 -0.0233095 0.00614692   -0.619698    0.275857 -0.00212977 -5.25533e-05   0.00016223  -0.00014581   -0.0017739  -0.00127601 -0.000161952 -0.0176811 -0.0201955   -9.80896 
                54.3  0.180553 -0.121381   160.694    16.1477    18.9035 -0.0233094  0.0117901 0.00272261  0.0346002 0.00888191 -0.0224614 0.00616473    -0.704058     0.315507 -0.000252292 -4.54377e-05  0.000148395  5.59603e-05   -0.0044788  0.000146401 -0.000227228 -0.0224268 -0.0210576   -9.80895 
                54.5   0.214306 -0.0793574    159.072    15.9414    18.9998 -0.0227976  0.00294109  -0.0198457 -0.00104783 0.00922359 -0.0208977 0.00622441   -0.84396   0.411365 0.00135793 -6.07144e-05  0.000149957  0.000419726  -0.00907907   0.00320468 -0.000279006 -0.0310927 -0.0216896   -9.80893 
                54.6  0.166983 -0.127371   157.227    15.9005    19.0223 -0.0220544   0.0110529 -0.00137986   0.0342608 0.00903883 -0.0207644 0.00626372  -0.716925   0.371397 0.00309268 -3.55224e-05  0.000175875  0.000112089  -0.00524191  0.000760099 -0.000343078 -0.0239039 -0.0212697   -9.80895 
                54.8  0.235281 -0.107709   155.659    15.7372      19.11 -0.0203143  0.00855285 -0.00821732   0.0221673 0.00909386 -0.0206978 0.00626591  -0.736659   0.440407 0.00518669 -7.32429e-05  0.000164742  0.000361041  -0.00669233   0.00165903 -0.000429505 -0.0265407 -0.0214709   -9.80894 
                54.9  0.187478 -0.117736   153.861    15.7217    19.1233 -0.0218211 0.0179286 0.0112513 0.0566986 0.00897647  -0.020159 0.00627033    -0.589451     0.371341 -0.000789017 -4.49933e-05  0.000202052 -4.95828e-05  -0.00255653  -0.00106605 -0.000256066 -0.0187858  -0.021446   -9.80896 
                55.1  0.237492 -0.105691   151.582    15.5422     19.242 -0.0175734  0.00806659 -0.00754291   0.0254036 0.00915866 -0.0189737 0.00628531  -0.714132    0.48695 0.00873316 -7.48451e-05  0.000164881  0.000600926  -0.00664525   0.00187158 -0.000576528 -0.0265101 -0.0210105   -9.80894 
                55.3   0.207635 -0.0781714    149.544    15.4089    19.3283 -0.0211219   0.0104835 -0.00365539   0.0341899 0.00916262 -0.0188589 0.00628188  -0.680945   0.464786 -0.0020197 -5.35451e-05  0.000154155  0.000325144  -0.00580628  0.000702427 -0.000210575 -0.0246572 -0.0216207   -9.80895 
                55.4  0.198575 -0.103589   148.085   15.3892   19.3431 -0.021921 0.0194384 0.0114807 0.0579162 0.00908185 -0.0181402 0.00630188  -0.564004   0.375274 -0.0034873 -4.96898e-05  0.000180205  2.12324e-05  -0.00245089  -0.00129008 -0.000170548 -0.0185156 -0.0220075   -9.80896 
                55.6   0.247788 -0.0633644    147.244    15.2234    19.4547 -0.0201967   0.0102294 -0.00480905   0.0391355 0.00918975 -0.0185273 0.00634608 -0.694107  0.469348 0.0017408 -7.41832e-05  0.000107641  0.000242678  -0.00607184   0.00074699 -0.000354729  -0.025037 -0.0216304   -9.80894 
                55.8     0.1934 -0.0813318    146.847    15.0989    19.5342 -0.0213917  0.0148555 0.00244297  0.0431057 0.00914334 -0.0181321 0.00635219   -0.639009    0.418971 -0.00156019 -4.14662e-05   0.00013583  0.000119642  -0.00444454 -0.000289411 -0.000251476 -0.0220473  -0.021998   -9.80895 
                55.9   0.190817 -0.0935366    146.753   15.0752   19.5551 -0.022053 0.0201408 0.0146064  0.046105 0.00897168 -0.0176763 0.00635928   -0.523236    0.378001 -0.00352192 -4.35546e-05  0.000163831  0.000103007  -0.00165511  -0.00147334 -0.000221152 -0.0173732 -0.0218537   -9.80896 
                56.1  0.24719 -0.04552  146.245   14.8792   19.6892 -0.020896   0.0123587 -0.00354197   0.0353551 0.00916277 -0.0175035 0.00642453  -0.672419   0.487114 0.00231799 -7.31578e-05  0.000110782  0.000209264   -0.0058514  0.000507614 -0.000363153 -0.0244157 -0.0218695   -9.80895 
                56.3    0.20847 -0.0755976    145.637     14.799    19.7518 -0.0206685 0.0149896 0.0028758 0.0413496 0.00908714 -0.0175157 0.00643126  -0.607156    0.46245 0.00210946 -5.13219e-05  0.000126628   5.4283e-05   -0.0043444 -0.000144789 -0.000357293 -0.0219398 -0.0218114   -9.80895 
                56.4   0.26908 -0.107328   144.853     14.745    19.7909 -0.0183541  0.0170966 0.00480177  0.0439295 0.00905569 -0.0175313 0.00643412 -0.584683  0.449536 0.0081606 -8.69483e-05  0.000142094  2.72095e-05  -0.00392214 -0.000472297  -0.00054268 -0.0210967 -0.0220961   -9.80895 
                56.6   0.234028 -0.0299226    144.015    14.5695    19.9195 -0.0204328 0.00946074 -0.0105067  0.0287929  0.0092145 -0.0170871 0.00653329    -0.73084    0.517164 0.000249211 -6.33385e-05  0.000127086  0.000224543 -0.00732208  0.00112017 -0.00027722 -0.0269023 -0.0218591   -9.80894 
                56.8   0.199108 -0.0685806    143.811    14.4458    20.0155 -0.0216841  0.0125446 -0.0026649  0.0346531 0.00910331 -0.0168498 0.00654068   -0.636051    0.517117 -0.00180488 -4.31748e-05   0.00013053  0.000104711 -0.00551585 0.000352593 -0.00019792  -0.023944 -0.0218198   -9.80895 
                  57   0.215603 -0.0734868    143.564    14.3773    20.0784 -0.0193563  0.0168949 0.00543098  0.0389432 0.00900648 -0.0166283 0.00654513  -0.496286   0.441255 0.00467301 -4.78828e-05  0.000147587  8.49197e-05  -0.00360913 -0.000556537  -0.00032545 -0.0207637 -0.0220499   -9.80895 
                57.2   0.214549 -0.0558743    142.423    14.2557    20.1755 -0.0207597  0.0165338 0.00341541  0.0358112 0.00899668 -0.0165478 0.00654759    -0.532966     0.468388 -0.000231415 -6.23637e-05  0.000180273  6.29942e-05  -0.00408662 -0.000571389 -0.000261031 -0.0214288 -0.0222682   -9.80895 
                57.4   0.204547 -0.0377261    141.004    14.1005    20.2979 -0.0196696    0.013158 -0.00476037   0.0229816 0.00906941 -0.0163445 0.00655324  -0.668056   0.513339 0.00171576 -6.25527e-05  0.000317444  0.000174188  -0.00610735  0.000256037 -0.000298303 -0.0245475 -0.0221773   -9.80894 
                57.5    0.22439 -0.0492381    140.774    14.0383    20.3455 -0.0184822    0.013907 -0.00233252   0.0244352 0.00902208 -0.0162506 0.00655637  -0.670149   0.465694 0.00391233 -7.16834e-05  0.000307235  0.000220886 -0.00550773 0.000115825 -0.00037341 -0.0236641  -0.022091   -9.80895 
                57.7   0.278816 -0.0342853    142.227    13.8534     20.461 -0.0175448 0.00728603 -0.0162531  0.0238233 0.00935963  -0.018233  0.0065696  -0.851291   0.464288 0.00409409 -0.000102685   0.00034025 -0.000173711  -0.00894714   0.00153089 -0.000366728 -0.0290483 -0.0218053   -9.80893 
                57.9    0.20712 -0.0764678    145.476    13.7281    20.5187 -0.0177052    0.014426 -0.00271955  -0.0137986 0.00910496 -0.0163881 0.00658674  -0.750194   0.344865 0.00183702 -6.28953e-05  0.000327955  3.16408e-05  -0.00548254  0.000225447 -0.000305725 -0.0236961 -0.0220549   -9.80895 
                  58  0.179644 -0.109281   149.247    13.7122    20.5192 -0.0182416  0.0204071  0.0121624 -0.0636139 0.00898718 -0.0154777 0.00659583   -0.605614    0.263806 0.000731466 -5.03555e-05  0.000316383  0.000580301 -0.00162471 -0.00142996 -0.00026126 -0.0178188 -0.0220954   -9.80896 
                58.2   0.232449 -0.0817762    151.806    13.5249    20.6034 -0.0172156   0.0161301 -0.00256696  -0.0423077 0.00908265 -0.0169292 0.00664905  -0.734795   0.346506 0.00146672 -8.37035e-05  0.000305665 -0.000117101  -0.00534669  0.000122689 -0.000314972 -0.0234421 -0.0224864   -9.80895 
                58.4  0.201688 -0.106481   153.299    13.4043    20.6662 -0.0186975  0.0167278 0.00145479 -0.0439763 0.00915018 -0.0172665 0.00665018   -0.681553    0.360513 -0.00204342  -6.598e-05 0.000311395  0.00019048  -0.00429764 -0.000136903 -0.000185693  -0.021994 -0.0221339   -9.80895 
                58.5  0.197432 -0.112318   153.292    13.3513    20.6942 -0.0189511  0.0190376 0.00941423   -0.03458 0.00911686 -0.0181577 0.00665212   -0.600755    0.325631 -0.00178455 -6.42412e-05  0.000302625  0.000141585  -0.00228781  -0.00117965 -0.000195123  -0.018934 -0.0219316   -9.80896 
                58.7   0.236699 -0.0854413    152.842    13.1826     20.789 -0.0171466   0.0142614 -0.00450667  -0.0505709 0.00930652 -0.0169585 0.00668192  -0.72503  0.405112 0.0015607 -8.41861e-05  0.000307935  0.000233704  -0.00568254  0.000835041 -0.000337128 -0.0243096 -0.0220598   -9.80895 
                58.8  0.216597 -0.111856   152.472   13.1366   20.8112 -0.016897  0.0187919 0.00326698 -0.0396049 0.00916332 -0.0171147 0.00669661  -0.639358   0.380234 0.00248265 -7.36836e-05  0.000318577  0.000148122  -0.00381188  -0.00058741 -0.000355466 -0.0210864 -0.0224468   -9.80895 
                  59   0.256108 -0.0732581    151.631    12.9589     20.927 -0.0165688   0.0135424 -0.00973029  -0.0552516 0.00933742 -0.0165602  0.0067401  -0.704748   0.540281 0.00152009 -9.40454e-05  0.000293188  0.000351795  -0.00706126   0.00115013 -0.000332937 -0.0261478 -0.0225786   -9.80894 
                59.1  0.222827 -0.105384   148.977      12.92    20.9661 -0.0144919    0.0186185 -0.000126505   -0.0268503 0.00922802 -0.0171383 0.00675819  -0.566289   0.542134 0.00666049 -7.57603e-05  0.000292638   3.7306e-05  -0.00464505   1.8423e-05 -0.000515822 -0.0223972 -0.0225771   -9.80895 
                59.3   0.249351 -0.0337977    144.593    12.7804    21.1266 -0.0185324   0.0103904 -0.00902318  -0.0617121 0.00973641 -0.0146898  0.0068101   -0.525132    0.748538 -0.00601382 -7.66044e-05  0.000292003   0.00102912  -0.00686561   0.00138567 -0.000135512 -0.0261259 -0.0217581   -9.80894 
                59.5   0.193671 -0.0721759    138.175    12.7255    21.2455 -0.0184774    0.0172529 -0.000505015   0.00719796 0.00969883 -0.0157454 0.00684148   -0.303687     0.72685 -0.00339032 -4.75606e-05  0.000395219  0.000329447  -0.00459788 -5.09023e-05 -0.000235527 -0.0225072 -0.0226177   -9.80895 
                59.7    0.242462 2.96557e-05     129.858    12.6971    21.3531 -0.0157808  0.0257694 0.00235935  0.0560994 0.00968491 -0.0163316 0.00681685   -0.10375   0.637224 0.00344907 -1.51839e-05  0.000481494  -0.00032428   -0.0033857 -0.000735298 -0.000435625 -0.0206937 -0.0239117   -9.80895 
                59.8  0.211017 0.0436526   119.939    12.6716    21.4294 -0.0187933    0.0180955 -0.000575182    0.0124523 0.00921073 -0.0158654 0.00682023  -0.0760058    0.649317 -0.00602637 -4.252e-06 0.00044087 -0.0001346  -0.00517308  -0.00103314 -0.000138051 -0.0226144 -0.0233499   -9.80895 
                  60 0.234983 0.103127  113.294    12.6596    21.6093 -0.0188593    0.013326 -0.00529589  -0.0491051 0.00871664 -0.0132201  0.0068581    0.054183    0.596644 -0.00359938 -2.38252e-05  0.000434815   0.00121266   -0.0071044  0.000495851 -0.000233111 -0.0247186 -0.0214775   -9.80895 
                60.2 0.224582 0.116134  105.097    12.6931    21.6674 -0.0185607   0.0186008 -0.00304665  0.00225751 0.00949925 -0.0124972 0.00687099     0.18288    0.348426 -0.00221285  -3.6927e-05  0.000428828 -0.000253064  -0.00532399 -0.000106645 -0.000326849 -0.0231917 -0.0228826   -9.80895 
                60.4 0.230956 0.150133   95.585   12.7303   21.7119 -0.019223   0.0191108 -0.00311486   0.0121993 0.00953961 -0.0125822 0.00687055    0.239142    0.129685 -0.00258616 -5.09165e-05  0.000429171  3.83286e-05  -0.00525916   -0.0003299 -0.000307614 -0.0232546 -0.0231118   -9.80895 
                60.5 0.155247 0.168147  87.2787    12.7403    21.7171 -0.0202055   0.0197813 -0.00309832   0.0374598 0.00970228 -0.0127324 0.00687943    0.156523   0.0694019 -0.00377122 -1.03431e-05  0.000437567 -0.000705417  -0.00526443 -0.000945687 -0.000240107 -0.0236077 -0.0235105   -9.80894 
                60.7  0.2139 0.22425 79.8214    12.7814    21.7296 -0.0185022   0.0190155 -0.00513563   0.0021384  0.0101155 -0.0119081 0.00693456   0.106816 -0.0140866 0.00281301 -6.93664e-05  0.000410775   0.00114904  -0.00536656 -8.69577e-05 -0.000401236 -0.0231401  -0.022941   -9.80895 
                60.8 0.167508 0.210831   74.949    12.7873    21.7251 -0.0210693   0.0198235 -0.00230699   0.0110139  0.0103708  -0.011863 0.00694153   0.0511553  -0.0127158 -0.00415626 -5.05566e-05  0.000426014  0.000232844  -0.00574237 -0.000313739  -0.00017318 -0.0233462 -0.0230878   -9.80895 
                  61 0.179651 0.249717  72.3866    12.7927    21.7224 -0.0170849  0.0188955 -0.0057006 0.00887305  0.0103523 -0.0117511 0.00694068 0.00356917 0.00730683 0.00604811 -6.46196e-05  0.000410054  0.000367999  -0.00501924 -0.000428308 -0.000508596 -0.0233176 -0.0231882   -9.80894 
                61.2  0.16738 0.235289   71.679   12.7906   21.7274 -0.019632   0.0200274 -0.00501524   0.0110084  0.0104926 -0.0118592 0.00694064 0.000476394     0.01741 -0.00262542 -5.75613e-05  0.000412059  0.000275525  -0.00526549  -0.00040312 -0.000274839 -0.0234097 -0.0230913   -9.80894 
                61.4 0.129728 0.209679  71.6963    12.7911    21.7243 -0.0243797   0.0213037 -0.00479845  0.00927183  0.0104442  -0.011738 0.00694123 0.00238825 0.00502118 -0.0111726 -3.79681e-05  0.000427735  0.000265323  -0.00504921 -9.62624e-05 -2.35634e-05 -0.0234012 -0.0232618   -9.80894 
